feature1,feature2,feature3,shelf_life
10.496714153011233,22.798710873172006,27.974465175076855,80.9219244212261
9.861735698828815,21.849267365825536,29.566443987853447,91.39614989220499
10.647688538100692,20.11926073984035,27.622740237000116,95.86394466578356
11.523029856408025,18.706126444588854,29.076115411082878,118.8768765734019
9.765846625276664,21.39644662722718,24.319155999138644,105.56553124533758
9.76586304305082,20.7869707708435,30.639881122118815,86.64518430900108
11.579212815507391,21.790386440055464,30.003616426086673,104.86036289417638
10.767434729152908,21.27034360336394,27.54873410679543,84.52696011061634
9.530525614065049,22.09910543063867,31.977737005297215,110.82691053887073
10.542560043585965,18.929529576878863,32.812710412879674,95.28875348182122
9.536582307187537,22.63478813126865,25.177320406893077,99.06363811260829
9.534270246429744,20.3951992093848,27.711825664301358,113.2579664754219
10.241962271566035,24.15052174525053,27.692572950638105,87.1283643141575
8.086719755342202,18.621624363820864,27.180290696673406,86.02881814887009
8.275082167486968,23.4719276063305,32.488424525795246,94.16400673653995
9.437712470759028,20.395821566925296,29.41852158368159,110.38378851019317
8.987168879665576,18.697163992771102,29.206455476068168,84.80653924523158
10.314247332595274,19.032228331891357,23.98841290677974,71.67844401889431
9.091975924478788,19.35930538361136,31.90625409062768,95.48841141591001
8.587696298664708,20.848331892803834,26.282224815439584,105.51740799910921
11.465648768921554,21.045670976070998,30.179797890798984,112.00261749738829
9.774223699513465,18.85259999212284,30.832130813874574,95.36838637914602
10.067528204687925,19.951290815478036,34.08197578751595,95.88573392883998
8.575251813786544,24.284540717223727,26.073538802642663,111.53900734255747
9.455617275474818,23.455086340201422,20.941463532537526,81.3025830030458
10.110922589709865,20.872647339348063,30.551548634261085,96.1147922481699
8.849006422577697,20.0760069563364,35.40153354453256,101.90423889925057
10.375698018345672,20.24006265343652,33.71683905881831,104.49218721285034
9.399361310081195,21.227035945460834,30.628978245823877,94.90193306809117
9.708306250206723,17.954414869603188,28.525091443103857,100.34441011705842
9.398293387770604,19.48524692515331,32.42136778991193,75.1167264658701
11.852278184508938,16.66283185224482,27.079361400886594,93.41751587666151
9.986502775262066,20.79844624521056,31.42907330806866,104.53508712554468
8.9422890710441,21.29439187940548,31.516410477499882,90.1770596574532
10.822544912103188,19.033627075401252,33.18062972249664,100.58984221589597
8.779156350028977,23.147973526580067,38.27898011673324,104.46872500802698
10.208863595004756,17.548468673995316,31.1772479015363,96.57450799142235
8.040329876120225,17.07125023958036,28.473109122877503,101.70463770996571
8.67181395110157,20.448903637119944,29.923277063424017,90.37267434715388
10.196861235869124,22.094196605224308,24.692772285332644,97.93388720303953
10.73846657999541,23.36785538291574,27.915860606732824,106.10216169589222
10.17136828118997,19.08223147426212,28.77215268566069,101.56972960968434
9.884351717611759,22.15736166686259,28.427734806196224,94.13468730436064
9.698896304410711,19.922983060998586,30.457064616101167,102.24216404290793
8.521478009632572,19.65474540011836,27.532740202853397,107.14609790636618
9.280155791605292,21.767319874973346,33.36309200197341,79.50058721422522
9.539361229040212,21.30464575682684,30.00062119475459,111.59074064955898
11.057122226218915,16.8472156860315,29.972099036584158,96.63745261318928
10.343618289568461,22.953080699451792,29.016315850461247,104.2548993324023
8.236959844637266,22.760182708294902,30.465572051576938,111.97246923645228
10.324083969394795,18.74887459698094,32.475294794002906,86.28326302769534
9.614917719583683,20.791607066874818,27.3986093528673,92.90558997572454
9.323077999694041,20.988060372565478,28.02565053277423,97.11451304124296
10.611676288840869,20.521347531647812,29.088821913670007,92.16246478875571
11.03099952249595,18.89938969230916,25.962387229580354,117.34936575836808
10.931280119116199,18.656753264123896,27.542226420835508,91.43227906173207
9.160782476777362,19.94889185801711,28.57133737936602,94.44453220513134
9.690787624148786,22.34545803851873,32.623167542138184,102.04389031602977
10.331263431403563,21.087200309188866,30.787683987005774,87.97850473923911
10.97554512712236,19.258771335827788,30.580769734102635,96.04319288243737
9.52082576215471,21.54339742129669,32.55269388650392,103.17453261250175
9.814341023336183,14.302914758739849,29.58788463480181,96.67139595617489
8.893665025993972,22.297531400744205,31.17139454978667,99.06613141100051
8.80379337591933,16.5205724424438,29.690334741202513,94.70667887551629
10.812525822394198,19.275118117193735,30.796087048198885,84.85529690819233
11.356240028570824,17.760660210747712,28.251724027165253,103.21593211339238
9.927989878419666,17.41063704855819,22.683548525170714,117.54933071647241
11.003532897892024,22.32165357475704,29.597162513441088,100.18401630783438
10.361636025047634,19.064597597376217,34.26824440829982,102.25264117247549
9.354880245394876,20.69300776346143,32.77864620672478,106.9272275511686
10.361395605508413,19.90615884224163,32.89619245377351,87.306695034533
11.53803656646597,20.95408165444624,33.70839216541865,117.02514658129606
9.964173960890049,20.15364378212051,30.26597277288431,102.02328796422802
11.564643655814006,17.43401555162286,30.591947122216787,116.3185689908911
7.380254895910255,21.99253363889428,28.14704431369695,92.66967004476011
10.821902504375224,19.012486833677375,29.05178143191885,118.18061922557825
10.08704706823817,16.8868362026805,31.847313449313425,107.75155494034783
9.700992649534133,19.143769678068175,33.61165331150645,105.53040085852358
10.091760776535502,23.00151958126862,29.581661172957002,102.34024454353148
8.012431085399108,21.700443484226987,28.649432205445766,97.5147138192555
9.780328112162488,19.302695731184283,30.001583876569793,112.00531658473872
10.357112571511747,19.301484591363142,31.803620246787343,101.40359869848047
11.477894044741516,19.356729897565234,25.668435551599373,80.32930296412847
9.481729781726353,24.153495967121682,23.111457140588286,88.82813538292997
9.191506397106812,20.763870904463108,28.34838945152525,98.14154247807252
9.498242956415464,20.86008329438214,26.337862722257526,103.09998983165555
10.915402117702074,22.060566908063684,28.475579407058067,99.43411511100105
10.328751109659684,20.477578318053027,29.556659043547587,112.18970789793663
9.470239796232962,19.481915708358592,28.64025477293096,80.48898135961375
10.513267433113356,19.607300301830044,34.35740260341224,101.4358793650516
10.09707754934804,19.85679748117187,30.98023429380696,81.82020774612846
10.968644990532889,19.925555526980318,30.901423078832487,107.59712295484168
9.297946906122647,21.45525908727396,31.866621432130206,99.05541285557997
9.672337853402231,20.1038917716146,26.583500646657694,104.19609972024118
9.607891846867842,21.46528015443116,33.1173353622608,91.36117039410234
8.536485051867881,19.838566839782835,29.77270714039362,112.7946493165775
10.296120277064576,20.15727038063218,32.01144185172364,110.41724664058852
10.26105527217989,16.003598630935784,26.784428300879533,105.83544303011888
10.00511345664246,21.832655349404963,25.338723701951807,98.7048275313656
9.765412866624853,20.692976951795984,32.453668974075086,105.79857285295132
8.584629257949587,21.996020219719306,31.12922857829255,92.93107432012651
9.57935467723464,14.20748924361262,27.29384533692747,108.55555659020712
9.657285483473231,24.176749409561456,27.391010756175916,116.4948089432392
9.19772273077838,19.720820743689654,33.37630435324431,110.70610559979187
9.83871428833399,22.216365633475032,26.431764321398017,92.70397530192591
10.40405085681454,17.920188145748938,34.92801885976789,103.61417317273103
11.88618590121053,21.22554781012514,27.298137796056395,87.06858456241352
10.174577812831838,17.893168873652687,31.915175776825148,105.72390311175675
10.257550390722765,18.75246207860839,29.014144572753047,104.50603412862539
9.925554084233832,23.828062707733572,31.80956229324703,81.30183660467836
8.081228784700958,19.618635198473307,28.36765799365742,88.38216156087637
9.973486124550783,20.434865746359446,29.511621281783118,97.16861103256232
10.060230209941027,21.74013546137751,30.122757526187165,96.99140252859173
12.463242112485286,20.99136377594521,26.99343763265558,87.90523064581194
9.807639035218877,20.300837810287153,32.222473036260375,103.88978729352183
10.301547342333613,20.72992200493245,28.460359300585246,102.51473608940512
9.965288230294757,24.80683117047655,29.314200253979944,98.0573086802148
8.831321962380468,19.88476240593283,27.016951876174463,92.44208499841638
11.142822814515021,20.402198093429934,22.31299902361407,110.48707126416564
10.751933032686773,22.101308792015224,29.426916712199493,116.55407113088296
10.791031947043047,22.21105186591597,37.23784626483875,95.16438516153463
9.09061254520526,22.37406061112076,32.353812863694074,93.8783308284518
11.402794310936098,21.27746044405837,29.942218860796817,104.91207665411996
8.59814893720772,17.713990174539035,29.211327512375195,96.41970620253014
10.58685709380027,23.26686306460219,30.06739767843614,98.60602799336766
12.190455625809978,17.707309213962624,31.64135734552563,107.39653151724671
9.00946367486931,20.605270930478067,26.457561554073465,80.90643912492708
9.433702270397228,18.491448299961284,33.342965084006615,113.1830232485267
10.099651365087642,19.871723306814015,32.14614394632373,100.72680524329341
9.4965243458838,20.657524820606962,32.154557177123806,95.8850685543782
8.449336568933868,20.642714430900547,31.315427216429182,99.1076584577855
10.068562974806028,20.843841508470568,30.05884997308197,99.62429355020518
8.937696286273894,23.227422538117295,32.01858370790046,82.68798696555075
10.47359243063518,20.90706860302796,31.775442401224133,114.94938227453235
9.080575765766197,19.511686729418702,28.93787786717693,100.41325632270619
11.54993440501754,21.928174336576713,28.279194681309296,104.43002130447375
9.216746707663763,22.378940977849282,30.30556888578596,109.51549770574043
9.677938483794325,17.544784369726017,34.64706045448556,89.788375424397
10.81351721736967,21.194800139699716,26.2826787730383,104.73471899035229
8.769135683566045,21.402345484621797,25.59742420274268,97.32358909101207
10.227459934604129,19.404872993280016,30.49428252370955,108.46770775216494
11.307142754282427,22.75141362662324,30.152663105568053,78.72772579648505
8.392516765438772,19.699888825934945,30.520024993111225,99.00905699758731
10.184633858532305,20.251152906943084,30.731859593725503,93.97179344216039
10.259882794248423,19.65385635143226,29.330393236095585,104.32262950634156
10.78182287177731,20.031158095162937,34.46959031580624,104.70044187368202
8.763049289121918,17.807449826209595,25.197288064570454,92.92374105177974
8.679543386915723,17.119898234811412,27.51450892565926,92.87826135823957
10.521941565616897,23.189010126449944,29.69023571955286,98.89334631442671
10.296984673233187,18.306077303363345,25.0704335665375,91.03357772684792
10.250492850345877,18.017215301087386,29.472436786703785,108.41983695452127
10.346448209496975,15.69321977279257,34.98441049718406,96.30792799552555
9.31997527842151,18.722076504620997,30.062659464887886,70.93011780678358
10.232253697161003,17.353820413185005,30.69210271715605,96.25177943378193
10.29307247329868,23.284030320272738,26.21950570448226,89.61456179156028
9.285648581973632,22.01963417868527,28.15091577588157,83.68724184539055
11.865774511144757,18.623699309644554,28.87441085902819,87.62573361777427
10.473832920911788,24.504871610688618,29.0468547097313,101.0940847183297
8.808696502797352,21.96353097398319,33.84493138501131,113.28640828248231
10.65655360863383,19.350337232982756,31.673073182175372,103.1318447386498
9.025318329772679,15.001188570252854,26.665626129188905,93.9349661178426
10.787084603742452,24.581885145181484,30.739514335296015,104.55904195170703
11.158595579007404,17.220855066472808,31.494665245490356,95.40909689781009
9.179317681648289,16.709202506086218,33.4204471155638,93.05399630836855
10.963376129244322,22.04514086401928,34.74162205970512,88.45637331767016
10.412780926936499,24.879504812678547,26.954717424516396,82.48171193248281
10.82206015999449,22.768545637021035,27.567427466368986,96.10076293440555
11.896792982653947,21.12781824010472,26.22726642325615,101.58053489920133
9.75461188399713,21.189508683330573,29.297940422679055,99.0337632998511
9.24626383564251,21.706831117560615,31.399075123339003,95.84033072052641
9.110485570374477,21.51785717957353,32.9620035497673,90.54253939303219
9.184189715034561,20.56238284793875,29.77214692907243,106.08246191684968
9.922898290585897,20.208402207903752,29.040457430235467,86.82868080053416
10.341151974816643,19.874813744200956,30.45527397674622,107.76027913843475
10.27669079933002,18.492070822266648,27.49457129510993,89.97782981073276
10.827183249036024,19.43864984626645,36.26861616508432,92.47564762646965
10.013001891877908,16.61408637160923,25.177016918645826,85.33214809384323
11.453534077157316,19.8033207464105,30.554221736687172,94.98597853114363
9.735343166762044,18.022817785698166,36.07081865768892,109.75312458477978
12.720169166589619,17.792821365568457,30.020399533679992,105.15628088443957
10.625667347765006,20.359788302306956,29.429882894995515,109.78422112028035
9.142842443583717,22.7840045726892,28.927663731568718,105.22142545933936
8.929107501938887,21.836633212004624,29.458824954712778,88.96330171469631
10.482472415243185,16.858998792753646,34.11854542402959,96.69210775672443
9.77653721467415,18.020743726859326,23.36441426601148,92.19800870882537
10.714000494092092,21.88154237597643,34.600301103888974,113.3057490403904
10.473237624573544,18.03502521292338,25.728128542649564,88.03211353573688
9.927171087343128,19.55073370000595,29.200043012296756,108.93697689389111
9.153206281931595,21.100104198049102,28.712266739104013,108.9295387010877
8.485152775314136,18.06331109027273,31.765659809312158,118.29620201716088
9.553485047932979,20.21075101229192,25.205626944348758,95.90313407370503
10.856398794323471,17.33194901016359,31.38651799824583,107.12322159580162
10.214093744130205,18.797264712097572,36.07292886986056,122.81651836538842
8.754261221288012,20.639563868285073,25.91047798622157,93.82358323066303
10.173180925851183,16.814012532936662,30.569118502831188,84.64959752467641
10.385317379728837,20.880949475920797,28.01405346661017,81.19989966092237
9.116142563798867,19.96072440214664,31.277661618579106,107.12712028861331
10.153725105945528,21.104979908834295,30.057443332247257,81.16849791941416
10.058208718446,20.447828268129324,28.075539272867072,96.27680947062078
8.857029702169378,22.728280859947688,31.46361685461322,104.37313187038961
10.357787360348283,20.250449005295813,35.41304432936023,101.85175536829914
10.560784526368234,19.141188917749496,29.427288624818104,104.25444864184172
11.083051243175277,20.244595006064568,32.15927382644455,102.22289855800854
11.053802052034904,21.086596058072775,26.12018112638651,112.78865813313394
8.622330632042909,20.097720140651408,27.130690869545973,90.47683619261203
9.062174960084878,20.081183382407765,31.417218833641133,93.23004861541469
10.51503526720866,18.59601662438649,34.452348085607895,92.27340554729176
10.513785950912208,18.674198164898105,31.06684004635698,108.3019181186261
10.515047686306048,17.194789456400613,29.060825908430537,109.00398588395063
13.85273149065472,23.499153486373878,29.997874216270063,104.51225319318507
10.570890510693166,17.51227352921743,26.248776798090848,111.83493666889927
11.135565640180598,18.614189604408185,31.8135459790661,88.2195913262362
10.954001763493203,18.563185468861604,32.64699918697023,116.67224111551137
10.651391251305798,21.789848753888883,28.64372900150076,115.23238621712258
9.684730755359654,19.410100643415944,28.589873556721496,107.35621997245747
10.758969220493267,22.49548414534747,30.797634688956144,117.8179890877106
9.227174785462427,18.653018751512263,28.689840791878215,83.43376792322226
9.763181393259991,20.557988324447603,29.801602156122534,94.75551863737348
9.514636452170896,18.329305893480484,36.29916536749955,92.64696539318048
10.081874139386322,24.290298255546777,29.25892289776201,107.21479323757343
12.314658566673508,17.624803161940974,28.924979543936335,89.49859260397855
8.132734807408251,20.619641420454055,28.05737458309452,107.57495149337485
10.686260190374513,21.267553761864196,32.23257591449981,113.70536143996713
8.387284128810348,20.827598194902997,29.456327480345692,106.95202900084
9.528068134210567,19.629424682244583,28.05188088503572,102.83751023661502
11.088950596967367,19.74035860053315,33.96391209681904,90.1212665909925
10.064280019095463,20.08762294395822,34.25880901354091,91.53149033874635
8.922255222070694,19.705995996743024,28.198729302783885,112.49618905296667
9.284696290740031,21.92775823358982,24.400380145918152,107.79349003905332
10.679597748934675,24.421046003182703,33.022541069510766,99.60980480622456
9.269633368282863,18.885016429984333,27.946110522719987,95.8209045423411
10.216458589581976,17.260394040841845,32.371876797488305,79.74192126888623
10.045571839903813,19.82343590329749,24.089688546864494,89.29147581315561
9.348399652394184,25.159418675308636,32.677792014897925,119.11419087139723
12.143944089325325,18.39265086406054,26.36648421215766,87.19544428997533
10.633919022318011,23.278233610888137,32.19229235719958,101.8947982122108
7.974857413342393,23.355401628152883,30.042819203509303,110.07443973195198
10.186454314769428,18.89282351658401,27.138181741810065,87.45077331997707
9.338213535231612,21.13796615837055,28.77889106121966,101.84710474781083
10.852433334796224,23.256793246257075,32.0589553708701,109.37915537510655
9.207479261567299,19.241744518025026,30.317683359345704,100.12499321907251
9.8852635585331,19.592839279795278,31.753238941417454,128.6840305566677
10.504987278980456,18.836638172102713,35.92932175354646,83.31400741121804
10.865755194170122,17.970486538614267,25.307275164866844,110.5872852988388
8.799703592944224,18.701444909867988,34.85163772490587,98.27198262603535
9.665498764159052,17.55211946647549,30.31306781256964,107.71920154836675
9.525054688839043,20.068166936518452,27.303647855030615,104.41307151699246
9.346670767426287,18.460053537882715,26.00905912278303,92.66843802890003
11.765454240281096,20.467571823581494,29.4326388276689,102.28996392459341
10.404981710960955,16.888208707592746,32.76495033577338,81.42098548601713
8.739116045664955,20.661760464428916,29.6173526388674,106.03247500571393
10.917861947054776,21.66705792321785,34.533464790742045,102.98158465990525
12.122156197012632,16.01252871485709,25.646472929845324,106.38660168643102
11.032465260551147,20.748113139695143,29.963733156461835,110.5811832508715
8.480630034045987,22.455337984946585,26.242819666760642,103.67619840209711
9.51576592713375,17.58071796261759,31.090895647874902,101.48089419798276
11.266911149186623,23.345144773675408,32.6606621702919,91.18931663338708
9.29233053438122,20.83803801873209,28.73771461895684,92.87779236350949
10.443819428146229,18.589976288483182,22.187358430118596,111.86734620177332
10.774634053429336,19.88846184468459,30.596844440389482,114.36335405705978
9.073069528421916,21.116653825043446,31.31021565520053,97.61889563687946
9.9404746439382,20.152010782824824,31.212884264885094,100.46002747253274
6.758732659930928,21.077511984892737,33.70734657546646,90.95385625006234
8.97561235866571,18.158652813841268,26.786838961052855,111.72756845267445
9.74743184860684,20.338721648072156,32.04064831635135,106.65416823691778
8.752216818035151,17.17257100619004,33.57752253743392,119.4121743646375
11.632411303931635,19.7775478773026,24.66423724798045,91.21676922820261
8.569858622039368,18.192184717070422,30.95895547775693,96.21992100981782
9.559955513303017,18.528940114820468,28.487460506976987,102.31445922525572
10.130740577286092,22.472186350420873,29.75543198069506,106.4648953772577
11.441273289066116,22.182620241188538,31.04302945061501,97.84332362452368
8.564137848820561,21.218276241814355,28.53831430765934,91.270389095463
11.16316375215496,17.81537447065484,27.972875762515166,108.81407528923572
10.010233061019587,19.367183100610397,30.102457252464074,107.21135362545581
9.018491348952049,22.426195399958367,26.738262183411592,90.83725899436276
10.462103474263271,20.283433827279808,26.742524613344443,113.55442801105495
10.199059695573471,24.63865907996339,32.03811984886951,111.70198709196603
9.399783122841205,20.786635678788745,26.55361789452403,101.34296497247793
10.06980208499002,20.38409823298006,31.998937502727635,100.79597862376036
9.61468640313824,19.381767071594997,31.387773878561852,105.54057771115907
10.113517345251248,20.267081809564566,24.82257981362821,91.38296929743741
10.662130674521046,19.695060327238913,27.967306042993034,100.30031479164082
11.586016816145353,21.41621735337718,33.58232820914212,78.4761645539082
8.76218450117315,21.913404633589167,27.056503406580955,108.76455645502935
12.133033374656266,18.428021078984102,28.606787213071836,84.3850677755814
8.047912200477498,17.337534092884443,31.386182679755688,115.03419828428999
9.848214904964417,16.327589253793406,32.350171527847785,96.6987990603355
10.588317206484577,21.015982653825088,29.245383341866514,97.88333018068823
10.280991867735032,17.793266787652254,28.207469415925075,93.72266093915495
9.377300480179406,15.694218814095034,34.267109585095525,97.11961126077924
9.791877749642724,20.77715720906193,35.21669899139274,114.18531345148037
9.506999065341168,24.985999034865582,32.936574152345386,75.1219134346492
9.410635243055788,19.987858176920213,30.255954427695073,112.76965386088187
10.849602097021025,21.676981548903285,27.57520283507722,103.38023481101708
10.357015485965047,20.16365871709513,27.508666780330305,87.92978352142785
9.307090404739347,19.802220693617716,31.567542315797272,89.24687606950762
10.899599875433251,21.83815296597554,31.25519466266605,116.76393027208204
10.30729952087661,19.419450911622697,34.20479577883929,90.54493120057269
10.81286211883896,20.534784628143807,31.951350277608416,88.46649489404041
10.629628841923612,20.643395612392027,25.490759094720545,111.37314542364729
9.171004989077927,18.6638190927139,33.15584285316876,103.38552876285914
9.43981895980303,21.984084699073044,27.005818118056762,90.620744234636
10.747293605123263,19.650080486609184,28.848086184142947,102.16624975404619
10.610370265433465,18.48850968101431,30.750600618755083,89.74247316359723
9.979098406035853,21.073019687140807,35.98700246935189,111.00821398422605
10.117327383308782,18.203064036417924,39.329755668016084,110.61370964873133
11.277664895788424,20.056362314738255,31.820169177408548,105.32006198821944
9.40842861116417,19.981762006711595,29.450410143838837,103.61661061247017
10.547097381170039,22.171791131663156,31.60351694544165,117.61188124867374
9.797807347566106,20.949396465759907,32.66296627762151,99.99686327388225
9.78231879677278,19.94994608250971,29.037997123328424,88.181258745792
11.09877685198719,21.635532598400573,35.385634067736966,104.49473912832306
10.82541634898803,22.780415098034627,30.690212277574208,120.86047049537115
10.813509636000639,21.115620612703726,31.49322926727418,89.85240506814148
11.30547880715433,20.020705239686762,31.997772756163386,96.38537233306015
10.021003841632758,17.37632753529968,31.264759831843367,104.16446038101452
10.681952971294963,17.869772673849255,32.516821501408835,99.4609515099426
9.689733243406543,19.389550591290664,28.14824044035923,90.17696419622686
10.324166352488442,18.780975595681433,28.32509473816191,111.21857856230471
9.869856945632316,19.626057394029107,26.699537301084916,123.2004072201726
10.096995964992718,20.113299849794213,31.31850369186068,101.96131459023907
10.595157025436913,21.05938550871346,32.33680951053634,90.95931710264
9.181779316766528,19.859002443881817,31.373318598455658,84.51039474946525
12.09238727568546,20.973003287652404,35.023477300042615,102.5797598122118
8.993982618500297,20.128948829620242,29.98321194351286,111.03877343316258
8.785811387212268,16.049066867292257,32.00622496677754,104.75167746495381
11.158110873500068,18.12132921236249,26.724897371582056,99.97596159081147
10.791662693962936,19.71182488855677,28.838700892576796,94.10728348210694
10.624119817052154,17.580610514317783,32.086613272697335,89.07836367281911
10.62834550926428,21.19985745999241,32.54730633222943,108.34751326324883
9.987753227153085,23.061501664687395,29.118099157007453,109.13771621385585
9.10274562851417,22.437523703394632,29.7852022444258,84.54270213309266
10.075804558193726,19.573114258139583,25.44637875995757,115.89838978180684
9.322838288487889,22.981452273699905,28.92891239758017,105.74071220894001
10.97511973341775,20.297334914404225,32.67114949055936,113.99594645145794
9.852942618497861,19.32582805776392,31.7256150483197,86.57872251514885
9.174502803207488,18.77319467291812,31.501997164143628,86.34175844584561
9.678614158347006,19.395060627023742,30.14932106154288,98.51030690232703
10.412931454275624,19.223646362917542,30.02118947588453,105.02784426895194
9.436275447196024,20.340832444750976,28.01903658157966,117.96360822926964
9.177779604433569,20.32114796209973,32.09648526060761,107.06078913815132
10.243687211491912,20.00609204030683,31.262918833168168,97.57318723187967
10.244966571108723,20.8738763394927,31.476056543978398,89.73630792334107
9.49305682462887,22.381292549572684,28.42189547199726,112.3000057271915
9.528961694381676,21.899108270882646,23.539971240386265,90.35294574249285
10.232049937357637,17.030204063100193,33.29145813526109,116.28468554772321
8.551915658502676,14.89215773019609,28.563487631974787,97.1561535039349
8.592536225623444,21.86863982247855,27.411672707870636,115.9058207261785
9.281555778747563,17.266242603169157,32.08043673574198,106.78931290059279
9.786552848288153,19.55046919621463,28.823962080242612,98.63004510557542
10.310907565598004,17.65977394788128,33.17980915213987,94.80603628173873
11.475356216949551,16.39603912483996,31.85101784873009,96.59092122653921
10.85765962320202,21.082925456409576,32.05070796960143,104.28316692375238
9.840061470036574,21.518310320605295,25.902132866398397,100.77156496217717
9.98098379209731,18.84697919854656,33.6358319561592,94.06188591931294
8.997470635362191,14.81791541571018,30.783751593701567,98.34368589682367
9.98148686400761,18.907511103495036,28.89216858226139,100.7857702971915
9.711341361079862,20.783608010805093,30.430165402026752,78.71265905585187
10.322718560338089,17.042176862451743,24.67129430130504,104.58168114788698
9.172769056447677,20.36671983955831,31.225958434442013,90.20278775283194
10.519346514241173,19.96938030165401,26.911885475453786,88.46667596794255
11.532738913002579,21.158582999202178,25.941989142469396,83.1265565288929
9.891239851543142,20.239160736828307,25.432922441346328,82.0610750213211
10.401711722098941,18.05386211823689,33.33806512496977,86.44552496887711
10.690143991711112,22.393143003328984,28.112209818921635,92.9097904236951
9.598779528114164,19.68294085394606,34.6011831297495,119.53259137526568
10.224092481810416,19.945390920980135,28.392595610843106,94.74120324104796
10.012592400781795,18.133464081853607,24.87792612722116,101.77750106268032
10.097676098548831,19.11343549761698,26.650426680154023,104.00481386506328
9.226990216144534,18.2303945719462,33.70743486002082,101.3106518621585
10.024510174258943,19.654107880153155,29.532305466189996,99.22556539274007
10.49799829124545,23.423416960284687,28.3551381105282,88.04706236400756
11.451143607795041,17.256197714137286,30.480054677558364,114.50927548279212
10.959270826085207,16.77287720424652,31.505348208502635,118.07196643637886
12.153182457511557,22.942340654987216,33.352196447707385,83.17341305877315
9.23265243711195,19.581352645696267,34.34549768967878,89.7597140911362
10.872320636720678,18.661854522680166,28.92069406263274,97.20189657622994
10.183342005738352,22.079809374792152,26.021856941753885,90.35462205089809
12.189802933217672,18.788768920526273,28.759604516630173,105.05965553455866
9.191701714644848,23.652019427093872,30.78084151974866,92.71727797593387
9.160278157819224,21.35585174267854,27.108723221368166,121.65056067806603
9.400607354555978,19.024177183708595,27.12854725531487,111.90548594343596
7.876104275690193,24.314616426531007,31.031363644649655,102.12574030632214
9.47424497831924,18.788570153993323,29.854042945288647,110.26986263319732
9.240867338446302,21.484190744018616,30.098390986234758,111.05900424357309
10.150393786476208,20.598585160812984,27.72451399589979,94.36052511941757
10.34175597577716,22.603482578797596,29.308797857382697,91.83782755458036
11.876170839215886,23.123022393453706,27.227300567195087,100.78143062969647
10.950423838186051,20.064008298131533,32.67059523337436,108.61636124497944
9.423096344337598,18.493164259307633,33.10574800417126,101.39060398653417
9.101585328651643,20.919944285878234,24.461436413285718,84.23003517809002
10.491919171506506,18.64456926049579,27.21146741942277,91.97175556049157
8.679766792979358,24.026774495053246,25.510412234729763,99.26027136405622
11.831458765854354,20.273070662165473,28.049928196779305,99.2433439567417
11.179440120721287,19.269356897375783,29.749686090628916,119.72542176789808
9.530824347895296,20.369360611729817,25.65106434090441,86.14012057601002
8.286865470909122,17.305747420940605,27.23442056062406,105.05589241835875
11.353872374165412,18.056771922978697,26.988127883755503,114.8911310832829
9.885460154747381,22.40082781588885,30.621801988196832,122.71449745422797
11.23781631197346,18.686211442057207,30.20803301110875,95.95602576816039
8.405572341205634,17.90617803463612,27.83478733998824,104.914294527202
9.400624977046228,21.073305505054574,30.530462616418195,105.69760357198646
10.005243699718184,22.371408309325993,28.359959746238204,101.9548173155329
10.046980593764742,21.437906621330132,29.18503466902184,99.01154798760695
9.549934528520756,21.992095371611633,35.02035627089561,104.35975389500047
10.6228499323475,18.486409822861077,34.02138315537104,74.67753914780315
8.932379570617405,17.15637866651631,26.101256289217208,106.82069490062631
9.857620514978706,23.002667303910975,32.48919725363752,101.26177903661967
10.1202956317119,19.354640322315728,32.434189663474776,97.77525103221734
10.51443883405875,19.498333967089906,26.555210133742143,120.46862195719558
10.71161487808889,22.656388283698117,32.45633293126458,93.25065981209448
8.875357908162131,21.11246001880132,34.61379575523766,95.9692401093497
8.465885829264378,20.911775544163216,26.632365581266757,119.91553302204734
11.27767682189851,24.330004689802166,27.24749153695721,91.67938695150143
10.33231401197959,18.712963539239713,33.052984400530505,94.4988471706346
9.251513463443446,21.855680256162476,30.814485932476945,98.5297457656915
11.551151975522522,20.11402624979417,31.65442882571857,108.4073448212955
10.115674634292859,20.537184557726516,31.02176764920149,102.07802507353314
11.179297184063827,23.056936852825064,31.172087762784432,87.07374652847737
10.06751848141011,21.015671512579246,26.02058361506675,94.67831436872811
12.060747924881987,21.076592158099267,33.14195311986435,93.92645566787789
11.755340842443204,22.145014674619603,33.50876997728332,99.22778954776955
9.751035851520927,19.27009454091423,29.31182776779592,104.25843658629829
10.971570950954355,18.32158066532199,29.869569150558412,104.18205755887972
10.645375949585148,17.910381611957934,25.406677492332832,82.23988245951598
11.368631557532348,16.067286821247997,31.542764268053503,110.63940987560856
9.035076539419896,24.112414259880644,31.71617232514243,102.52568845996623
10.686051459998438,17.793583268556635,29.813426949002068,113.84532047593906
11.058424486849589,19.557492752828455,33.373060079611506,104.44198327290673
8.241260513576886,19.446373400222157,28.997768307060177,111.01322957735762
8.816741487334225,20.614813395618203,31.6938177776808,104.66545311450128
7.9607678222399,21.631474425078594,26.941006983923653,113.46225756202747
9.730593165555442,21.72094697671949,29.929343547377286,105.22250636017779
10.717542255795962,18.833845122862122,29.476937226291493,99.02084753557097
11.502357052096029,19.665756572427178,30.675923766122825,122.72434720446881
10.074094780419776,20.5651599009766,28.891419213499923,108.89037122279892
11.628615545571291,19.502617747632907,29.605582212984995,105.73744421004413
8.619898541785108,23.214691152039986,32.47814151432452,87.23695583461664
8.296617560644846,20.9819499032765,28.689707288285348,87.11692382536462
9.94445230110338,21.469755572099636,25.180268697783962,102.92715482141854
10.384065448939307,21.325762537334825,35.24875171261626,101.45521197768241
9.967305251905907,22.34694771497065,34.14436223607146,93.85877434991684
7.932557899960123,20.362043117407413,26.123211914683143,101.4098269961206
9.910879960487211,17.406336104088307,32.06912341573558,115.88626928043595
8.695530499495147,20.799375903505283,28.491075688345973,106.95402474550299
10.669672548830038,18.69728621241634,30.79046164599318,88.58991490247261
10.366598246096848,18.942766636500487,30.882672387040483,98.88491172857056
9.060120213672645,21.172728037510186,29.296776599051036,91.9503351914744
9.486133082663306,22.47656614286727,27.64870300324081,96.12300083591438
8.940786478111049,20.042543153472124,27.928376843051222,95.86384334370358
9.937320902726828,20.617666025197927,27.251424253556273,95.22354417395995
10.955142320501238,23.404429889270475,27.504533375308664,87.44864628026605
9.014273953664457,20.481506358977136,29.798465129851934,98.7234531848181
10.504046515517844,25.20336622836079,27.852720032667744,94.3939236315269
9.46974238162756,21.131019291263087,32.04615619713786,70.70551309997732
9.207127167737656,16.478474481688366,34.46173846600778,120.52972024501663
9.892969640045441,21.506683242209064,28.25984027588987,110.88769654216672
8.964757677580625,20.762316769765555,30.71821350160613,96.23699275075003
9.446350694652818,22.57950550816549,31.499055330908803,100.18819049740598
8.80212210741115,21.346362702539917,31.41600681275782,88.28345652682438
11.964725132916389,19.723088032032454,30.227865803748262,116.95722877810866
10.03526355197173,17.551403527421268,32.22804725507917,118.97288694773111
9.300274492007414,19.58195348542795,31.446746858041973,101.56693728246525
10.213979910734222,18.2989590915814,26.287012733018106,110.23530644185345
9.887671950309171,18.838953100390555,32.60746819316782,101.75286778933923
9.779030400466777,21.177156808841218,32.661872511800226,86.6327456112407
10.614166700043425,23.33980900870281,27.710141687464255,95.88176631036343
10.757507710047305,20.78934305964596,30.113813506342805,101.31927966771957
9.469498852389473,17.60823387592963,32.04998697843321,95.45452281256556
9.42418175935532,20.88920533644028,29.372058541261914,97.81346722564965
9.724948302848356,22.393262973291304,33.218934143298036,99.08600442490885
7.698078835264415,18.780434191361234,37.09161748385808,99.19121502134539
8.484808937801448,19.731965666654165,27.642041902095052,100.52258490497483
11.366874267444524,20.029376389458395,25.856866190538675,89.39394933603398
11.644967713501284,18.43020337383552,30.911455786814628,92.82983850872064
9.750963960443622,21.296560867687717,32.16468751537843,87.1541573430003
10.576556963055767,19.758103702784435,29.307400878465693,109.778155496862
10.311250154543536,20.839064887814054,34.3597819899631,78.94353058159675
13.078880808455239,18.2250156443958,25.984182600830252,111.53590343316925
11.119574911434576,19.12508339935318,32.078755869094834,113.86349397262843
9.872082408519233,21.444762715655543,28.18241753772332,96.97819413017379
9.044459559399574,19.254333695816467,35.15813371862189,73.96862912172702
8.393553679742428,23.45392770246681,35.977546059504355,96.38689438032709
10.203463635867223,19.200727628770796,27.70003023664996,99.35815838711181
9.243649254715697,20.44936945150377,28.35132859227426,89.89401780071087
8.577746290402326,21.86518166374618,32.57876366093941,94.84781606191757
9.353427115757473,17.163268534133937,28.838608050631457,115.30195198863352
8.918451996385604,16.478382376038446,29.863766346203285,106.64927162301741
11.687141635072564,16.948687370859812,30.07616526162723,90.754358856219
10.88163975694945,22.525168206854364,24.240980531407033,84.02400830404568
9.992027358683382,18.89628370821511,29.95848676171729,96.72982682390229
11.479944138890026,25.116398571336504,27.930816677807478,97.86543220649561
10.077368307647617,18.871504802685223,28.520631532800685,104.96199187363317
9.138715798671736,20.369102606394073,34.33089601040644,94.64683287432341
11.523124077269657,23.08421990513575,26.23047931716223,105.11499575361862
10.538910043684659,24.012185776318248,32.43961556024393,119.35154040060229
8.962753845673543,24.123007153272795,29.163111209004576,108.15501022444262
9.809661321916392,22.416732461186285,29.160719494512495,99.51911492669227
9.124381746615242,22.048125051622925,32.371115688155136,98.16849528946705
8.617200269035663,21.185053898402366,31.020153883706673,96.43326865820129
10.92617754753164,21.556722152333275,31.711838991658592,111.80640912452145
11.90941664047013,18.897628567342935,32.90455398159858,93.72686554048697
8.601432426180859,18.363602233155387,29.00607485045003,100.45222708999982
10.56296923669057,19.993251085178095,28.16328979647675,100.51197901881085
9.349357430878174,19.659630754950143,26.744548420326606,94.98215807188468
9.512874616235305,19.09354390134545,27.523768410063134,86.27534452115898
9.40760607576113,21.39277489491343,38.84728327592617,103.22974503617668
9.136009230320184,21.910610417141022,33.73403874221036,99.38996028144616
10.048521627944828,20.176813772583696,25.946776901375934,105.0024046943657
9.169049883588961,22.955060162110524,26.03262612976929,94.66399693560834
10.270456825779839,17.71662177173299,31.445598185155475,112.20821298813048
9.949761890550864,19.612681081440563,31.6417943921339,91.23226218788156
9.76105195313359,18.56635535879439,31.646651505952093,117.12040284017893
9.092436337958402,16.26692676585388,29.235132619338906,82.52363490171739
9.423228669431667,19.8346386283146,29.6236372199913,104.3477006455689
10.755391225825756,19.756504983233434,30.98363857247807,104.75430682526624
10.500917187624381,23.02689948648426,30.25767901887999,92.04442932059118
9.022444755201448,21.261623369109554,23.342098881757394,104.24393937861012
10.099332305429225,17.95162635134159,29.31060110827442,112.7951866976016
10.751387123371789,23.708185132668376,27.44578069721906,77.83181160645935
8.33059471887863,22.442067391050706,30.525634256725535,105.02744807490815
10.543360192379936,21.164195406937232,38.95577700781023,75.06729179669922
9.337376241054153,19.547031802300335,31.102444996422914,90.34335196476792
10.57059866859316,18.08112152655304,29.059410941482806,116.29166364900945
9.236740843457483,19.255586447857894,32.765404505931755,94.18217966607946
8.19511789933548,22.17749723940837,31.44806366162764,88.26120035591028
8.372457562116837,23.76917261186922,31.260283471355525,98.02062271015318
10.048084946661382,23.086487056544378,31.820551779647012,120.67906338163553
10.259722501721482,19.022301156427453,36.169630694488625,81.68317752793973
9.095683374895591,17.760765133421977,26.607334694022253,89.48690088360655
10.638592458777374,20.28177249382241,31.420896230434362,114.97431683179626
8.33847993773104,16.463121268874296,27.220856610055385,118.57702343537733
9.933920201352683,20.646335428369564,31.666537939026746,98.96568775709716
8.788983800237544,19.70479482740266,27.243940465541716,87.60947297473358
9.34816389219784,19.067926996263516,28.747899559184745,120.95843501809159
10.047398671316413,16.81059386546641,29.114730257286283,115.94442391749197
9.139586634716048,21.027200213139434,32.92745015803413,106.78946987762232
9.615444455770175,18.934598320676177,32.75536333182724,91.8759765106258
11.00629280921444,17.660166328579425,26.262847870660845,99.50970659161963
9.423108130476852,14.255475573436701,30.164802332999546,98.39639918955169
10.835692112065141,19.944970189898726,27.871260435752482,103.30851304615578
8.870293145342382,23.544503193339487,26.224485267973996,114.51001438131337
10.529804177915283,23.32251842909574,29.348948848726888,108.79417041137403
11.4415686206579,19.085807486827456,29.07455163463254,89.22623923015242
7.528355499872711,18.795575879276438,37.280149459036565,113.76496450019538
9.203104744529524,20.937548512150048,31.29887947608209,103.13132140013155
10.57707212718054,18.003229121623416,25.86714749773729,106.87065795858916
9.796954613957007,20.603583799638933,28.305677987487172,114.66540859278604
10.371145873371308,21.53216055676938,33.06414988628819,88.88419750486449
9.396014813284179,22.453866447768615,36.265328318609775,99.64174421293536
10.0865897874729,19.799691847040094,25.242050063286126,94.68545448640785
9.84432276460792,19.592652499646068,24.360226844582865,84.32140574634545
11.167782061659807,18.244034826486878,35.612895526115345,103.4670997760492
10.254420843301213,18.34623929192028,31.168842532112713,125.11556551584424
10.337602662075202,19.547042216196946,27.395121804370902,81.59922255494247
9.588123033877533,20.734731013632356,31.603887258367305,99.67719388950529
9.512393775927507,21.827169252466497,22.092756782949365,106.40542935074774
9.567441812180379,18.39364209863931,30.010126519791484,101.23078201656182
10.394452142378297,22.985377137919045,30.983463518529256,98.86871947484259
9.579015519179737,19.457752797914864,32.77281041861349,87.00783636554176
10.289774856896413,19.957265411303126,26.958312143122388,102.32786742940164
12.07540079864544,18.50557664170435,30.257061484210077,92.43236022984074
10.871124703431692,15.151519479454116,27.223726121821237,78.10078295021447
9.673976467832158,21.7680907927221,30.766151267022952,111.94592220513731
11.201213922163944,21.473687794184865,27.313961032910928,109.58385819842043
9.591924626978448,19.437344885763572,28.775697482519337,100.5166097685108
7.961875464822146,20.133981434449744,27.012553815629314,102.29074688205702
8.991913689082596,21.0318784354082,31.95340872547097,110.74318012715561
8.129208078974145,16.874908286226916,32.575353349969994,102.24339656778082
9.648486515958691,18.94189464530741,29.296138290127757,109.04017554761315
10.018418379189551,21.588529359243655,30.114713984880083,97.0251779912615
11.676437312275283,17.491421153661502,25.65422575609937,113.11983738573946
10.326927373764162,20.58711586433326,29.100970055979637,103.20785725932684
9.780899471191136,17.28683639075319,29.849386148874764,101.94051943605874
10.829405581183488,20.932859964867053,37.86237927308993,87.29938911287968
7.788864690992115,19.928717035405032,26.66409892267751,102.86955854301709
10.235614558108566,16.76973636818898,34.39253171625731,91.68045082505549
10.770865193886968,22.329478708914344,32.99057632039742,93.61717273471506
8.52141375422016,18.5308168464039,30.84190921347041,91.84624371683879
11.143754043206929,18.37949512597124,35.2758614525854,89.33765068100774
10.338496407494414,20.401138394461885,31.116316417820588,121.24771403016962
9.584712086099199,22.29727469885743,31.167477587003788,113.31339061988403
10.632781866106285,17.968356362043206,29.840638040947365,119.20367502144262
12.270692857804395,20.123359699695943,33.670706647255884,87.77104980444436
10.181866255058495,20.857633000661146,33.28940770143265,100.71253749910892
10.248220586300336,21.386211214526288,28.122968137511364,87.06492374795904
9.540639100459757,20.35288311055445,26.042258416203698,93.04305122802936
9.150155630535208,19.265944321833356,29.39105808781303,90.81873016583425
10.830335816544245,18.34481955870256,27.599884306807063,112.39584006441561
9.143916174091133,20.17228776609275,29.809426276153935,96.0377032189824
10.071566237219393,17.855721976028786,33.71231440405242,110.68379333694017
9.522342553234884,14.157299033010785,28.62809503473963,106.04120889588518
10.478979825746391,20.873119608315335,29.871529856065276,123.03638752104789
10.333662105286948,21.80786968217239,30.174068204425186,85.20555776860276
11.0375399442579,15.274135128916324,32.545292646615856,112.59233239786799
9.489983601145253,17.980538590580124,23.259331998046186,111.46440870400727
9.730125064706629,21.238308522010396,28.17989911570411,90.26621161972966
9.021236284217693,24.114990939423397,30.63385107683842,110.0713333647316
9.555706739923888,20.041587415350815,33.600236869280586,103.36144963026229
10.377300493044853,18.543994117541732,28.524292657481386,97.72523740046593
10.756988616645351,19.634207117790318,24.370341881874378,91.76064513028001
9.077834675822375,22.74975283829637,31.85913433789841,92.80890548550813
10.869605920105661,18.70807164175093,28.093912833523113,120.49812095785926
11.35563785880495,18.401615986699493,26.431000022728917,100.00682818957483
10.4134349032237,19.034512955635936,28.126963830860326,107.82130001531459
11.876795812558067,18.093342783482576,29.446423927032452,92.09100618332447
9.226210800896427,20.245340631989592,28.18576600638536,92.2014705377836
8.755345296688583,23.24935691693912,23.38330182870279,110.81984809249943
8.221279751095722,20.64615854623206,32.69119859066139,86.50423788448468
11.496044311489182,19.495292995747423,33.824625123836164,95.84786232094729
10.654365656354058,19.41637746216891,31.954565974018518,100.34027411072232
9.944415329089544,16.873618382606686,26.58694298872555,101.11372601840053
10.279968626319821,21.766219554294317,29.395525398157446,98.20906714983843
8.874510952701623,19.844325605974397,29.980436054311625,103.95819781095923
12.445751979616826,19.63904017281875,31.79638316868573,106.92855755817811
10.129221181975227,26.38621513568972,32.00502146615424,107.3463754545933
10.109394794604892,20.597505816731374,27.797478603664512,90.14196191332174
10.725766623898693,18.496417899809632,30.245986669240683,97.15844902071203
10.481009231736714,19.147284807588914,31.371841213845723,111.94762861876937
10.223884024279132,22.29689141839351,34.3674669664403,108.94647187573872
9.209525544554689,20.226540821075528,32.11351961947417,86.27140548518936
10.471468357135995,17.123444043365268,32.367170062126554,103.51479900352201
11.882024496475033,21.838457869150407,30.251479883788083,80.2177475062519
11.345420046154977,18.66371182892201,34.23137743561051,100.4693490206037
11.593186626639397,23.746595552435092,31.22928838787849,118.97767016745976
9.488784323568815,22.1600961314293,27.416736269479287,90.52107282731014
9.010395179741419,19.105356208682498,34.21010991037557,91.65676954508417
9.874213079900352,22.562032723470224,32.09370981761708,107.6402978157286
10.055724912288694,20.135711021054806,28.670867936614552,84.57198484790354
11.094191518470948,21.705547350244437,28.56152109780227,93.67244970114962
8.30753537028518,20.96946563458895,30.889726635422285,105.96441137581752
11.529550319460613,18.307286690018252,31.389554385802754,93.65714152310596
9.841992101421011,18.712900335365077,30.59187679689362,97.64030012789028
9.57311893005258,22.059921635162322,30.933926020328656,107.44185710315034
8.987895624739833,19.33044933578692,35.09987212372914,104.21546083536562
8.345143328134231,19.192703073516007,33.21462945670466,102.66818396295402
10.823170583961915,18.089754841301293,30.571906773795074,96.60877720729961
10.073317967188403,20.84719813118692,32.82393174230245,103.70061115268956
8.710039100258946,24.12504983848629,26.90242828941738,98.76267319900244
8.704921227936383,17.864934171491456,31.193781149840426,104.57805609925785
9.664215300709872,20.048438913345517,35.42791904919933,95.03067974882022
11.669021525289393,22.824441110830858,29.345862313822877,98.17431025620459
9.740408648636395,19.84071721750857,27.457098214142746,90.10042207447987
8.496857046881894,20.904743592499468,28.043733334220818,99.64992389993765
9.754256935914055,17.87521294370624,26.731100887972836,91.88999136371154
9.72727643025233,20.856614194415297,27.64571427561689,88.85953549838007
7.303113357058429,19.625711469990904,28.88847570422991,102.58661147855388
9.945705133482187,21.971459991359726,25.783298942464075,102.1273977585766
9.769065469791322,22.3747721031295,30.046855001848808,107.82873734948572
10.696206364813419,25.17912728403723,32.706831521359945,95.68874430424901
11.848956094945345,21.159266346427152,27.27673145955924,104.08052846836756
11.126565029547757,20.651592633164334,34.5578517709253,105.50797572273663
9.73111130944517,20.388768603154674,31.532376265582784,104.44773807831595
8.89347409125833,19.293667414378625,33.091741756872175,91.74346317197858
12.573359803249861,20.676967686923383,28.02649633844359,101.49363482271188
10.059218434014488,19.409197179721943,32.56357568119985,103.64140296054661
10.013929291912946,20.336921952539228,26.72419829881406,100.07178466907942
9.975874912889998,22.635195071215918,32.670742502509526,79.13522341628915
10.198084760767856,17.986914869440717,30.515518019380593,101.6048962397348
9.855639588076057,22.27975712225809,31.65975365995435,122.12531039397243
9.426337993119764,22.63423013467973,26.473216183125444,96.39960731243018
9.453141058759607,19.76386294601784,27.314790473170184,92.7192290214468
9.967246729784002,15.75629020198281,31.791684654760154,103.73348559711398
9.456575228866235,18.784356025811135,27.154955987327398,103.12378210466572
9.287154217322836,22.593989093122218,31.38961887629737,111.92735165416414
10.106430227691897,19.954263875402237,25.898586580619263,87.42131844091112
9.745022782579145,18.00139553541018,32.544522638000004,107.31380252574992
11.503992988582688,18.990450157543567,26.302430055694472,105.90422061251464
7.349030191606988,21.681240053009105,31.65689981303857,98.57853463059453
11.091506851922462,21.093467136402758,31.876892800938002,103.3868731792169
11.24608519249763,19.52213580166061,27.909684544711276,110.29457481598357
7.9266097675918505,19.266351176370623,31.74607970125418,108.7231538002845
9.657312405919651,19.216483701912356,30.78132679000067,88.56980687926271
9.628559134004208,18.155179631002994,28.383474431421785,108.20158186755485
8.59248830528218,23.230751378938884,26.974335947771376,99.35311394967482
9.222183312409125,19.35535906157732,24.112122924982263,100.72874098015515
8.889424154534172,22.434317041650992,31.04895014189908,100.73196991001694
11.752270443423622,23.042632103844902,25.305591685913836,98.4975701120174
10.93567839314746,21.99662179629592,30.286032598323924,111.91707497107065
11.27155509499416,19.136759374563905,29.209655351753252,99.16282040150789
10.721672064043235,20.807460180673218,32.03742832631458,88.80453871616831
8.87094822878277,19.951608787218166,29.093863501530407,96.06470144030271
9.475479733720226,18.192596278539742,29.011656640958726,101.78694716810476
10.489374561227917,20.648718563443207,32.195612112864886,112.29214784297051
8.777872191108054,17.641920417680396,31.005174087252353,106.03094684948833
10.712998430172387,22.37535877692313,30.948467871548335,91.49464721252956
9.759674601841866,19.070765405403215,31.40780276942558,124.85189916678891
9.625179192450403,20.40231931174568,25.393283630378683,102.6477531097798
10.710959968203491,20.566575743092283,32.27036603996095,112.75390737999015
10.44426331148604,19.482190052591847,31.837406382040808,98.48285566422771
9.63903383418092,21.173387602950548,26.94995061427051,105.3335924470545
11.159329803364248,19.05019268675495,29.267758578977396,108.39468504518405
8.918936672400102,21.74259459491449,29.882078137117105,112.18194711754256
10.615935606944264,17.3080406395065,29.5965096467948,110.57368305378225
10.593101257968383,20.252759159092825,31.001579899705604,108.72197000072978
9.69045356068601,23.877857998116568,34.29410034549355,96.84913268805892
10.326133022242118,17.99933735078885,33.245300183018486,94.28253958043939
8.748886423614698,18.644510058950296,26.06334241970578,103.32607510324198
10.924027019206902,21.02781569931783,31.866209970918145,109.33128072341069
9.81509786355701,20.359163563879196,33.98679995860623,97.77279299223393
9.47727697948096,20.701260198547118,31.16042556206761,110.65171965714387
11.049009225836889,20.978374260295325,33.2729412755579,114.52616745486179
9.295656309457241,21.26944293712354,36.03681133710229,90.8367908092658
8.59153870363644,22.219399683912446,33.07112863832094,91.6307929620372
8.443370826476096,20.819637313857026,30.747925786925187,98.59624941094664
10.606009951345639,19.517484690762917,33.135265422254264,103.07612668189196
8.719570647503717,21.345147402405463,30.434663499290675,94.75432986232948
11.754794181984364,23.799763869790432,30.071709129854867,113.52202678867144
7.918070592116278,19.734732507234853,28.9457572928588,104.24066861518452
11.696456368290038,18.050941390658718,34.69024007649632,100.3944704824074
10.211017467202618,22.214161338573945,27.544714002173997,85.64090476131473
9.903286888129607,19.759237672092805,34.597103174034345,86.84184183572492
9.45508091319105,15.654660907971927,31.499592371221112,102.81009250281807
10.399136114352071,21.694843354300843,25.802081475594175,78.67404373845164
9.962365297575152,18.929343628092155,31.102947878974266,110.12637409644071
11.103301882016522,19.818933435391678,23.699920477045126,98.4184615562768
10.11422764866204,20.663960661138027,31.876524050493106,132.43092969594733
10.150301761461877,20.380999359558132,32.655694448966976,123.07916250616111
9.636387787786145,21.418903634278077,28.22293213304384,98.18550930752484
9.943054376278933,19.12902725886031,30.370643087866746,98.93662997468685
10.307801768892059,21.026211596352166,35.86247230125086,109.95581514002029
8.289831607343375,19.480906644832167,28.48275988721419,117.03172609918037
8.651814577894287,21.477620961775006,26.823277238830197,83.61970942563983
10.743264094022715,21.230734968026105,34.4449902073878,82.13624534645314
10.170865438127942,18.129122595910808,35.887761571592385,93.77965194445619
9.816016663647321,22.171964232350064,30.01108701554354,105.82737583173865
10.018433933065394,18.928073109771905,33.03438910622507,104.96873590507597
10.347581705361671,21.61611559656229,34.02442774659264,110.69771454983851
9.460240319690639,20.734574626802683,27.772547302384847,88.00302471634691
9.221695274597687,23.676367353590244,28.544082493896394,76.83856137031123
10.195845255097682,19.553068035256295,33.69262353946421,108.58014195302145
9.021627222384968,19.301366407763606,35.05504283612553,91.71803727034765
10.408252755714472,19.961160788224536,31.688642580523066,79.81512135611362
8.29741639576216,19.39364043433145,27.360556939493836,101.45063745959382
11.029155637325644,21.5998838038841,35.961183335098326,107.93175688218678
10.472597482413043,16.767378783126823,28.407087306564108,98.77942867878723
10.256029734313875,17.892635161707293,28.994586656485644,95.42151613817511
10.982690983945513,17.864394156841612,31.027013503468865,98.40637767854093
11.665474444462577,21.900615183947153,34.662481262144325,96.29417237599218
11.01437006501813,23.42122674516385,32.56192792965667,86.51952888059833
8.159125768668355,19.791101562925057,31.24459650108573,92.85319323009568
8.720423033264298,19.66235655361998,31.38986559035432,105.21279905013814
9.37518142230432,20.140104326226364,30.1305440059304,103.216785413765
10.026091050210834,22.32375660521638,31.674418543555518,101.6805980596682
10.517659020469123,18.145293731618853,22.41131976691709,90.0485151814662
9.274256186846534,20.47673796546957,29.110177622790605,98.18496837864333
10.186766764477078,21.95039525956486,30.723965804750343,78.22934953557146
9.244617067646677,21.00218833987969,26.546957749141477,101.7847666388539
9.388482197008052,20.379163233197488,31.15896995343468,114.28857707813567
8.593338903151778,22.00209218513428,29.386586337041635,85.25867867957894
9.076766753889096,14.593535414001526,35.26642709494647,94.14072326682245
8.648315394383665,21.355750639061814,34.71905917564457,103.2910677871013
9.024126747022667,18.691848633745153,28.602583292645512,112.52842634427483
11.05364179660784,16.338734206287086,29.547486865299913,95.51775383699851
9.050601111168056,21.022405199049963,29.778157303174822,93.07749670734104
12.63238206483739,22.747317090325915,28.64502157152113,80.31076857583918
10.49331790088089,19.725102970744615,30.58507495208438,101.03438129308107
10.184836123694874,21.905749094405877,27.725153793337228,120.42076040143743
9.141642219818786,23.22455651597729,26.608153995187422,102.77358461964675
10.70030987940899,22.629828907168093,31.868133671700807,99.77721020816287
9.424362173762226,23.279929058742788,31.888588752665434,103.22082310766986
10.122009814645361,21.484254982143785,27.587052721020022,99.88907996051398
12.560084538268795,20.150867277803187,32.6860662922878,91.8698562773987
9.90394010027535,16.796068376205664,28.105266812504006,108.23279915677705
11.149273326285677,19.5078750237401,30.759495714113942,102.25761523111754
9.296823574874113,18.313506809367617,32.46103203783737,100.17613251933658
9.965011509503038,24.34188543499563,29.89916230588886,90.2463397272175
11.77080063563551,19.648228375135325,31.364222736423404,113.03507931934759
9.373032942212232,20.24640961356897,28.450711068337284,106.6470274533311
11.812448557996928,21.102970752080935,29.41060024971571,94.47079162632699
10.707751935455475,20.087204892744907,29.38242170735898,110.01824853681937
9.437533224105731,23.390102080861507,27.76026496037928,95.02429161614793
10.632407739055521,18.754701276531097,29.469677510652655,92.17996507488964
10.97255444962673,20.389214910474486,25.35414510340876,92.40296882519714
10.621809962217196,18.515058828603905,28.526538758573686,82.28931446911909
8.429775280109544,17.359954977558587,29.14537351989099,104.71542380418205
9.272862824175132,18.77646181818943,29.23146074251386,81.6885512166165
9.752481364448496,19.925926405903176,29.275507662387664,87.71556168734237
9.925566570899953,19.14139555096548,29.814707400419614,79.24411990921467
10.620672097550678,18.61515804025229,31.43832455425819,99.13930307209107
10.177701000933254,17.187365072656334,32.623551222397566,98.49679539728128
8.6646556412899,19.83378885474261,28.0507043194552,96.73303786813636
10.380197851005963,16.990559251937995,26.390397433832568,89.57422305329423
10.610585745283823,21.520111927379205,26.87386676327069,88.2776624656336
10.55979044793104,20.164879505869006,28.53839123641522,104.64369863546574
11.080780725554622,17.08489700107014,28.944236046550472,94.49448068291512
10.833922154548905,19.38158184590027,27.69001180140763,103.16358321536144
10.459180079228437,18.495687188818835,26.11165000725032,91.14751313875777
9.929834288541352,20.638349020838362,28.631637517577435,101.81062742771083
8.339039066484009,22.68090089204629,30.544279860341913,113.03278037316063
10.429618219132585,16.249655060708513,31.785088397506694,105.86165800392783
10.20768768716311,20.230052158294836,28.327730840675038,95.8758618178352
10.271578837195374,19.679734408866718,28.7610065335697,102.57198970355927
8.72325142417969,21.342680152900932,27.21990507345807,97.59334825469787
8.918943459591738,20.42639325647538,29.90568248887567,100.07880184694729
11.053152853332904,18.496061336522363,27.454714097427555,96.74388947851496
9.960444846143345,19.361892128666764,31.7193834397236,98.3566479411461
10.681500697372625,18.407948286393022,24.64240052419767,102.12093353074175
10.02831837613046,22.152014277197196,28.921110982642613,90.06641300418049
10.029756139495746,20.042623297343884,30.903322017575228,89.84121173010021
10.938283805975997,23.802381371506016,30.551503548967514,86.1145744616879
9.483955271782627,19.878678372370757,38.07910099194149,83.9972889549629
10.096120776940984,18.583186466179075,31.049400073703723,87.82717307779521
9.537724711294958,16.972571214774344,26.98783620947397,101.5946250680413
9.565503772567684,16.39372064748811,29.713607258732782,91.07212484508116
9.69082787653136,16.83172811398902,24.671260999600644,105.13614464231097
10.222133771633713,20.534253302022968,29.75820075210972,100.34713748752561
9.521251378336522,21.017450046459867,27.500831828997725,80.31495786561946
11.255756125573521,16.837618595935734,32.74617082668048,106.5497558422169
9.105392697780497,21.79007662815223,28.351379176213396,108.1079864559171
9.813128355838641,19.033877896633122,29.64970225261426,90.06137325165147
9.560268941725825,20.2935860239711,28.09332647578679,104.20191542894992
11.446977884353732,23.22444125651085,35.216554055559996,91.43501762590802
10.196554776511574,21.793678631731062,29.036271701646264,100.97670376748336
11.031844539468635,19.462938704188335,35.4976711304376,87.35501593045035
8.514439626963028,18.217615549169427,32.4424552863548,82.06893547465424
10.267050265869258,15.69636919734139,31.44620018200616,96.17182810387031
10.889630795623438,18.56169336151516,31.10619944195256,98.76271053725164
10.082283989275425,19.57773952234461,31.181391894648755,96.02320306385396
11.065480375065352,18.02564094569763,24.21698226196317,88.1596944177744
9.482711549899628,19.73748606581539,29.16334981754773,96.00100937868864
11.40934744018558,20.153703765917538,32.53547391355296,102.69294752580734
12.29889812361925,19.550288036383844,29.853308449577682,99.55106969877463
9.63716143956034,18.69999483835308,25.784430459589274,101.82501030599214
9.554497478599227,20.337309343933455,29.84278664826759,93.29884799545768
11.453384477117702,20.883881299138817,35.11231654876647,111.7171791471616
11.579572145730712,17.819201845114307,33.74067514660416,88.23826663445219
9.477139972846732,22.82186475949254,29.813987971901906,104.87560297086719
9.579813182904143,19.802823735431478,32.85434783117426,111.81891092959961
9.718215391139493,20.037699245889694,28.900478938895844,104.80908092748895
8.655549488965724,21.416428846513114,24.88838523951984,97.9747577293517
9.081348053515802,20.466432262527004,27.226602035611336,94.71702953337021
8.995859233247932,21.90627326782649,34.68866630552459,110.36087651046256
9.232202434895871,20.57424833040365,29.178020754512087,85.77025074738327
9.965315112613219,18.775125250719125,29.269848061874946,90.29875739620357
10.23421473253652,20.723007050412203,29.10048541117536,96.02442234508278
11.550500492814077,17.712547585358678,35.71240976871902,112.37653757511998
9.001645959261209,20.217119411553046,34.87787674608619,103.79767636040896
10.984322398476584,19.933540018711078,36.6563407003444,90.31954241489754
9.78601115577449,19.58376628545492,29.522864368799848,96.89692294615097
9.950536290347568,19.74292497712214,30.886873466241283,93.85676855903705
10.674819492166604,16.236301909004723,25.450072351737624,92.90211007766464
8.877277978437702,18.902550184518077,34.43080327835482,109.78889558556779
10.38240974618405,20.18568980228223,26.496661346196195,86.28256870736494
10.166452208213055,20.319712783994802,30.650326691287887,116.08780855734373
10.49245126400815,17.944649718148085,26.70809241710147,108.28229690184622
10.289168643907818,22.531415681729403,28.233399519783912,110.90861670603698
12.455300139910895,18.267650303571,27.4882127068509,95.37060487974742
9.362260015748683,21.938914401053474,28.176374217972548,98.50059280920891
9.469003044998182,20.85438872374337,28.382631890553064,85.66848185475288
9.376859473575236,18.707545380312393,28.35519361522477,94.75337592933197
9.444522880839745,23.550621785219025,32.50000173534092,104.93654847643151
9.362612872693482,17.61272633648704,26.685411620812438,112.96063061781396
11.189016531107551,21.838308347220003,30.6616242810416,88.92843183197549
11.420504247989856,22.001164636085957,33.653877456916675,96.34494063014733
9.429253706250524,18.65875958184671,28.460410906459813,98.48700779767478
9.167644426895771,22.784930600128657,27.846243327757193,86.04210797807515
10.471415556386404,19.499906970802094,29.30842612445925,105.913492417584
9.447776955719029,20.577387258559714,33.53917562508213,92.7600966825739
10.63293181775551,20.52064367754244,30.582322892860073,98.04609648822976
10.2029230208513,19.731382517058904,28.406357116177205,95.48050628088123
8.484255885002767,21.621616546319565,31.45162995356412,92.10661494280326
11.547505201330061,21.586977441104427,26.693123550490732,99.92955014519445
11.795877673095521,16.502936053523637,32.04407853132884,97.84390421431978
9.387211309515614,22.608680485756306,31.225821923105304,96.28142117721335
9.612298440064016,16.675016023928652,29.076574586583348,92.71538378319657
10.285865390724904,22.065092408683313,27.484242604658306,103.19524670782955
10.334456789987025,22.253410273655167,27.33995723314963,116.53617268492285
10.658544272672831,17.818067139569603,31.60445200903773,101.39887232839128
12.010204538766349,19.17837142409083,33.68694150746718,109.9611821491113
9.823052772505951,17.788590663028128,28.088076758913616,86.09778074846537
9.201702755461547,19.57015793942253,31.375160110654452,101.57761439293769
8.620680771985473,19.38393143162852,23.73891894419379,89.02631681028933
9.269069960058081,21.55932106453868,28.246146808028403,85.23075072468099
9.966873027126203,22.620617492239216,29.906823201387294,92.60628592540964
11.794557863517788,22.791367621579912,27.2709497490545,111.91899334413573
9.482388700963828,18.875663946843396,27.190480875631213,109.50015828669646
10.223787951638899,19.581556252510943,27.99666133059334,102.430047220544
9.983577103927248,16.633123615558098,30.87657818497912,84.6729944011007
11.188393273448083,18.388259867007623,29.438012944780876,98.03719348612063
12.526932425873621,21.929703266194917,23.285306300025084,103.01700008901736
9.469131227079679,23.231165647096464,23.6378995420948,101.75536229578599
9.510560557481778,17.531302256240156,28.179404466428473,81.56206416519254
11.044160877069071,18.81507148169421,31.373059758160657,91.09682151980128
10.681891489626311,19.947188486082148,21.757485471824296,99.35922235851284
11.846707325736034,20.560322317639212,28.500809471545107,105.3629090951719
10.583928185325965,18.380792960156707,28.421256430447738,78.03872178900053
9.64070790921294,20.84812208892818,34.16501333462534,98.37876024520142
10.590654830692309,19.052321305858168,28.844934564861408,101.43048769878952
11.108703580582908,19.971095458243443,31.148966954222786,108.49611988516213
10.820482181197365,21.0925684960074,30.42377142026239,106.92857584237437
10.507274031107297,20.012844539621877,23.6083005605784,105.82571318808806
11.066674689589155,19.12722821894686,32.30462164989521,92.00059493298066
11.169295590445673,19.780780392148337,30.646189516368864,80.91997862876693
11.382158991037528,19.82327408158933,31.52480591902377,96.069472429386
10.648709887589643,19.259977940235746,41.77871311930898,110.0163182520856
9.832881919683146,19.482407874665796,23.747661181504235,113.93454527524432
10.146713686433323,23.197294341009435,35.17408994928333,107.10549102297786
11.206508966508357,21.121838895882476,29.137657441798932,104.29340822801734
9.183064329012764,19.40903936394168,30.861986713209028,103.79639648385965
10.368673308872902,21.39390880902147,29.863463264096275,94.43881253239219
9.606661187672639,19.33236102048798,28.72729099980587,98.6993970644638
10.028744822934817,22.34624927517328,28.290501215283722,116.6906952582633
11.278451862607298,20.73928438439619,30.988526206719026,90.57441994208124
10.191099068019904,19.78539571199154,25.448478909984964,116.14778790709852
10.046436548156148,20.895433851620556,32.2517375025653,96.77971845507942
8.64014385902008,16.858247695863,28.751416785344237,113.25432109095078
10.746253566027221,17.74646506218039,26.609791982878928,85.93184990502462
10.645484181141075,17.61214998720189,28.64996142601256,105.8590420116465
12.16325472330546,20.285886189527414,33.77144765058772,92.63229864052379
9.692221765047,23.465029998970184,28.39399473895133,85.84732808075813
10.21915032766394,24.462600292385265,31.07536085462886,102.18534042410946
10.249383683710755,21.276102202881514,27.80713117285358,110.09471788595968
11.577453279763475,21.001688949888916,32.27376554977086,91.55058561406504
9.904704467613048,16.397884531694523,32.056523216370614,85.00984039541599
10.27902152577034,18.914652400531956,35.54582649988923,99.08155235665045
10.60789650971654,18.42443249618352,29.473308163502352,99.12564671222819
10.186609123156359,18.75830480349777,32.00596441427372,105.48319627554498
9.553566385449471,19.66371236283042,30.294202618616833,109.49594571364489
10.194089992898308,19.055818844605746,33.88761534558904,99.40584818727505
11.073631749859771,16.041400379248426,27.84350283717381,118.55503314794262
8.97348470058894,21.495820512235067,32.23501593863185,102.24234744535292
10.132969674146876,17.85451394852039,29.415908111649955,96.535734939931
9.299879185060826,20.4784937282223,29.807435468674505,83.88432640897172
11.195046628924842,24.148165339499947,30.27525745334512,97.37340479683833
8.476813095216226,18.161230816827153,30.756721189280032,96.63613054588863
9.441078152728412,14.939424954507341,29.651312870634126,109.6030479628147
10.377211875064521,19.42799155623978,30.64413954951158,104.62483624066854
11.565524029234341,22.20191926999714,34.73435417268655,88.20630878367383
9.934249738927011,23.916694908441187,32.95634905684565,101.72254386411038
9.444800473306803,17.540900811095167,32.60746377749069,106.71531171729053
11.88115706944059,20.993398446473044,28.633381421928387,115.28031359387833
8.551986099583756,19.069379086439895,27.332277515315027,108.8750396741406
7.801194043379918,19.788103291391728,32.86590167471326,107.60846654311477
10.440014450053333,25.28868669403407,32.62814037758938,100.60085994615163
9.49794577564739,16.994059343209692,34.41801202725294,103.8831200542345
8.978767182869287,20.50747932298915,28.18805812209231,112.49504900706158
10.708356447299353,20.935386343530865,29.31135403391896,86.6722260252035
10.243800713771199,22.171572649878694,25.081547512423697,96.50560672783044
9.435921369263271,20.19596630694179,28.82258668181738,92.27431251243759
8.719695601329105,20.616101079008203,32.989711531738344,103.79153118726124
10.872457328280145,19.216702865156417,28.600513862315406,112.30222175650788
10.65020117795866,20.538253882490213,31.921439385602472,94.03025713278926
9.900824136220617,19.31361544900518,29.428490682006565,76.09695632530563
11.846636996047666,21.243143779712103,30.97217108466468,95.8777925497553
8.929915233673848,19.260779327912733,26.556925830553,109.13473732017407
8.47447482907526,20.754200787804372,30.255628348901702,105.3762990294988
9.308091930118756,19.941474372630044,21.02659208729783,104.28186247810577
9.954413983644502,22.252100501544337,29.439311525514047,97.2000669812552
10.243339449322692,19.897212552823028,25.10858026885458,87.20969263780214
9.75876394214367,16.453935063586236,33.61798354964045,105.15294321624468
10.352055396514297,22.523843001427984,32.33222205829353,91.65718189965375
8.748460575809556,18.188535398274762,31.400012945898244,121.84096733380457
11.443764604073259,18.69246732270236,34.56301868147814,105.70507208354516
9.917848821607432,18.808677411913017,27.15325043752549,94.1935169744605
11.117295831588127,22.748876186341633,35.24208959374668,93.88614752611372
10.342725346377705,15.728651572042608,32.79657469278116,99.07055793386412
10.456753219153784,26.27549706731999,29.290334138343162,97.60498077978251
10.569767280232204,22.112113618132103,33.40686044154883,111.16833775529955
10.447708560017315,20.44647782825832,26.681119462765096,101.86416169744047
10.642722759867544,19.890211998767427,27.52645751541698,92.68368261091472
11.329152530132431,20.571108149715315,28.174230830280898,118.90440685155782
10.19652116970147,21.04224485675868,28.413066875807953,100.49308331520223
10.709003757588512,21.290431171900114,26.830327071719243,107.68839675968897
9.910264305712774,21.111208932006896,33.66924920128598,93.91773492555241
11.440117215449472,20.1791613625105,29.223436798890503,103.63115627744523
9.32360769794073,19.605323159385346,31.05751490507064,103.11109991143195
11.800940432910815,19.697453432692978,28.288945900758957,81.10350707903848
9.959842049355657,19.610183439294637,24.53819009835445,120.15275110460641
8.569224897881952,22.267540193734128,30.810172075174265,112.90644460922547
10.128104414910789,21.187113444561724,24.26323507374067,96.02804683854012
9.318948342525118,14.119222730671439,29.794097861743595,88.97730259544144
10.840643548988725,21.31180155305952,25.89505488350157,103.47561613803552
9.34737602069761,20.38947238943755,35.961827997692424,100.86697699414397
9.55381656678522,19.962582487108204,32.73408816652417,103.55668948563229
8.11045926905447,19.22296309382223,30.317261373814443,101.9157739619409
9.547693680750923,22.24822543997203,33.791120032964,105.06240989305925
7.576120673371044,21.895052924245714,27.461052067602793,114.47305699391806
8.416097176514278,18.45424466435278,31.63043813601028,105.68103205128646
10.760414656144297,20.814104574249072,30.59943130115614,89.50344501090059
10.785800158650833,18.05668653091743,30.79206024400101,113.62562852712452
10.425457561784965,17.24076367042214,33.8170605003203,116.40614563488288
9.033023856870788,18.74656555082007,32.197476308339404,131.52056734512084
9.95228864385802,21.72478694476552,30.86617098847507,88.76505966760402
9.996397460909431,21.906250090752174,25.035337691315114,102.42882013150275
8.841635310807458,21.026170840194585,27.11986111416161,79.17901296811013
11.50339830176715,21.450191573695996,29.631873199212826,105.53149156379209
10.877362290575672,21.032356574229915,30.280117122829953,94.51799701833227
9.779035826170336,18.717036809554095,26.60938882597823,119.23445794824953
10.02688583899453,20.86384508934788,37.23503002673526,92.25385029981418
10.208382807947553,21.600819050455364,34.54918216576072,83.10816962032739
7.958265131575709,21.508582659627148,31.80635496117745,95.2873625929748
9.752822617479403,22.377826742949285,30.216110583851233,80.24512228782862
9.318015752002202,21.416607694402128,29.363373090296545,107.5109945450731
8.998379990105084,20.702896415083167,27.144244619933293,79.3491695374368
9.718899707114046,22.140300476632856,30.232441555556587,100.28457581183159
11.797686526849523,19.94695748150188,30.773257620428254,79.22188180143803
10.64084286126701,18.236250697544563,26.274718273555127,96.79702195463358
9.428821010217202,19.67386607211247,31.002529251734693,116.43378155804534
10.572582781356159,18.5101947103871,29.534222853525755,103.60647891435795
