date,temperature
2024-09-08 12:23:02.887336,0.4967141530112327
2024-09-07 12:23:02.887336,-0.038165872739392814
2024-09-06 12:23:02.887336,0.8478753651554273
2024-09-05 12:23:02.887336,1.8232850234729867
2024-09-04 12:23:02.887336,0.16614004694513046
2024-09-03 12:23:02.887336,0.2661546101366057
2024-09-02 12:23:02.887336,2.1794523990637678
2024-09-01 12:23:02.887336,1.4675621854954946
2024-08-31 12:23:02.887336,0.3304707907981758
2024-08-30 12:23:02.887336,1.4422427866319143
2024-08-29 12:23:02.887336,0.5359124688179302
2024-08-28 12:23:02.887336,0.6331476942982956
2024-08-27 12:23:02.887336,1.4402768987417671
2024-08-26 12:23:02.887336,-0.6156485086579053
2024-08-25 12:23:02.887336,-0.3280990096930443
2024-08-24 12:23:02.887336,0.9335784199021392
2024-08-23 12:23:02.887336,0.5819320701658983
2024-08-22 12:23:02.887336,2.007747970036344
2024-08-21 12:23:02.887336,0.8840443210049124
2024-08-20 12:23:02.887336,0.47815288998358896
2024-08-19 12:23:02.887336,3.4543041322965395
2024-08-18 12:23:02.887336,1.8608785727436048
2024-08-17 12:23:02.887336,2.251973506073935
2024-08-16 12:23:02.887336,0.8572686630806827
2024-08-15 12:23:02.887336,1.8349770158125671
2024-08-14 12:23:02.887336,2.587386810521228
2024-08-13 12:23:02.887336,1.4223269834758028
2024-08-12 12:23:02.887336,3.045617073990319
2024-08-11 12:23:02.887336,2.165611336014809
2024-08-10 12:23:02.887336,2.570610069660168
2024-08-09 12:23:02.887336,2.356364199436142
2024-08-08 12:23:02.887336,4.905819591277572
2024-08-07 12:23:02.887336,3.1352088139223646
2024-08-06 12:23:02.887336,2.1858442429395515
2024-08-05 12:23:02.887336,4.160624214744996
2024-08-04 12:23:02.887336,2.2114253096611343
2024-08-03 12:23:02.887336,3.734978300118134
2024-08-02 12:23:02.887336,1.659937011912329
2024-08-01 12:23:02.887336,2.3845508348784863
2024-07-31 12:23:02.887336,4.002355853386134
2024-07-30 12:23:02.887336,4.6363376227326185
2024-07-29 12:23:02.887336,4.161225184559211
2024-07-28 12:23:02.887336,3.965794700090964
2024-07-27 12:23:02.887336,3.8715164076017965
2024-07-26 12:23:02.887336,2.784857139238857
2024-07-25 12:23:02.887336,3.6338667593243184
2024-07-24 12:23:02.887336,3.9829677953677893
2024-07-23 12:23:02.887336,5.590179144160077
2024-07-22 12:23:02.887336,4.965671349250979
2024-07-21 12:23:02.887336,2.9475459188232347
2024-07-20 12:23:02.887336,5.122731059885737
2024-07-19 12:23:02.887336,4.501145004514511
2024-07-18 12:23:02.887336,4.296395881711149
2024-07-17 12:23:02.887336,5.6715864441595265
2024-07-16 12:23:02.887336,6.1769949508320865
2024-07-15 12:23:02.887336,6.1628451944875415
2024-07-14 12:23:02.887336,4.477392999168901
2024-07-13 12:23:02.887336,5.091910872037325
2024-07-12 12:23:02.887336,5.816358215136136
2024-07-11 12:23:02.887336,6.544061843143134
2024-07-10 12:23:02.887336,5.17220644807498
2024-07-09 12:23:02.887336,5.548019413841895
2024-07-08 12:23:02.887336,4.709066609585207
2024-07-07 12:23:02.887336,4.700335452476047
2024-07-06 12:23:02.887336,6.789617561562476
2024-07-05 12:23:02.887336,7.413282528963742
2024-07-04 12:23:02.887336,6.064376227626909
2024-07-03 12:23:02.887336,7.218648233292168
2024-07-02 12:23:02.887336,6.654857595417065
2024-07-01 12:23:02.887336,5.725577473307117
2024-06-30 12:23:02.887336,6.808930150517655
2024-06-29 12:23:02.887336,8.06176238906843
2024-06-28 12:23:02.887336,6.563437387256794
2024-06-27 12:23:02.887336,8.238783443288714
2024-06-26 12:23:02.887336,4.128602299265372
2024-06-25 12:23:02.887336,7.64378134281988
2024-06-24 12:23:02.887336,6.981773793171137
2024-06-23 12:23:02.887336,6.667876413035016
2024-06-22 12:23:02.887336,7.130103500587344
2024-06-21 12:23:02.887336,5.1215275318354205
2024-06-20 12:23:02.887336,6.959465953331748
2024-06-19 12:23:02.887336,7.605572461652236
2024-06-18 12:23:02.887336,8.794949692059388
2024-06-17 12:23:02.887336,6.8666480211696745
2024-06-16 12:23:02.887336,6.643547263828316
2024-06-15 12:23:02.887336,7.016659759916621
2024-06-14 12:23:02.887336,8.499441516651089
2024-06-13 12:23:02.887336,7.977653187375889
2024-06-12 12:23:02.887336,7.183238136830058
2024-06-11 12:23:02.887336,8.28958919829388
2024-06-10 12:23:02.887336,7.935943555841341
2024-06-09 12:23:02.887336,8.869269788168879
2024-06-08 12:23:02.887336,7.259538856533484
2024-06-07 12:23:02.887336,7.6940992093440626
2024-06-06 12:23:02.887336,7.689018832154643
2024-06-05 12:23:02.887336,6.676167941909409
2024-06-04 12:23:02.887336,8.493543480000326
2024-06-03 12:23:02.887336,8.515397410600977
2024-06-02 12:23:02.887336,8.315547449893186
2024-06-01 12:23:02.887336,8.131106013675744
2024-05-31 12:23:02.887336,7.004743320833591
2024-05-30 12:23:02.887336,8.053045965038129
2024-05-29 12:23:02.887336,8.183704936873365
2024-05-28 12:23:02.887336,7.7760160071184075
2024-05-27 12:23:02.887336,8.468021847227918
2024-05-26 12:23:02.887336,9.083508046272618
2024-05-25 12:23:02.887336,10.614923044276924
2024-05-24 12:23:02.887336,8.951720294725789
2024-05-23 12:23:02.887336,9.082218746474519
2024-05-22 12:23:02.887336,8.796864086806563
2024-05-21 12:23:02.887336,6.99829153358984
2024-05-20 12:23:02.887336,8.935408134850347
2024-05-19 12:23:02.887336,9.066113501871866
2024-05-18 12:23:02.887336,11.512184301371148
2024-05-17 12:23:02.887336,8.89873342190513
2024-05-16 12:23:02.887336,9.433883004038005
2024-05-15 12:23:02.887336,9.1379501118814
2024-05-14 12:23:02.887336,8.043390968047866
2024-05-13 12:23:02.887336,10.39337589988898
2024-05-12 12:23:02.887336,10.040043297308946
2024-05-11 12:23:02.887336,10.11576872724587
2024-05-10 12:23:02.887336,8.45104150736395
2024-05-09 12:23:02.887336,10.797977545088383
2024-05-08 12:23:02.887336,8.027145051031903
2024-05-07 12:23:02.887336,10.048721306942255
2024-05-06 12:23:02.887336,11.684239864549735
2024-05-05 12:23:02.887336,8.534216667117368
2024-05-04 12:23:02.887336,8.988469641011617
2024-05-03 12:23:02.887336,9.683475731501778
2024-05-02 12:23:02.887336,9.108445414035705
2024-05-01 12:23:02.887336,8.088391229487112
2024-04-30 12:23:02.887336,9.733785399652778
2024-04-29 12:23:02.887336,8.628118025310364
2024-04-28 12:23:02.887336,10.188242508799819
2024-04-27 12:23:02.887336,8.818480780330862
2024-04-26 12:23:02.887336,11.310118623121939
2024-04-25 12:23:02.887336,8.998232164083351
2024-04-24 12:23:02.887336,9.479745078931902
2024-04-23 12:23:02.887336,10.634662815460835
2024-04-22 12:23:02.887336,8.608636211088672
2024-04-21 12:23:02.887336,10.084329478882008
2024-04-20 12:23:02.887336,11.18039366227318
2024-04-19 12:23:02.887336,8.281159742696165
2024-04-18 12:23:02.887336,10.087678068333014
2024-04-17 12:23:02.887336,10.17633595687335
2024-04-16 12:23:02.887336,10.710691363937475
2024-04-15 12:23:02.887336,8.703338243518976
2024-04-14 12:23:02.887336,8.630256791927138
2024-04-13 12:23:02.887336,10.482082365095776
2024-04-12 12:23:02.887336,10.265554866412762
2024-04-11 12:23:02.887336,10.226493591838654
2024-04-10 12:23:02.887336,10.328879909378506
2024-04-09 12:23:02.887336,9.30783770238876
2024-04-08 12:23:02.887336,10.224546066755298
2024-04-07 12:23:02.887336,10.288793566183173
2024-04-06 12:23:02.887336,9.283796832255236
2024-04-05 12:23:02.887336,11.86534810973052
2024-04-04 12:23:02.887336,10.47382991588962
2024-04-03 12:23:02.887336,8.80811489983107
2024-04-02 12:23:02.887336,10.654391471362459
2024-04-01 12:23:02.887336,9.02057388020393
2024-03-31 12:23:02.887336,10.778756322630345
2024-03-30 12:23:02.887336,11.145682306203957
2024-03-29 12:23:02.887336,9.16081871641923
2024-03-28 12:23:02.887336,10.938291330538762
2024-03-27 12:23:02.887336,10.380110813600535
2024-03-26 12:23:02.887336,10.780806010918674
2024-03-25 12:23:02.887336,11.845956936844612
2024-03-24 12:23:02.887336,9.69319704056152
2024-03-23 12:23:02.887336,9.173274353677721
2024-03-22 12:23:02.887336,9.024926768750175
2024-03-21 12:23:02.887336,9.085068172059504
2024-03-20 12:23:02.887336,9.80922194354825
2024-03-19 12:23:02.887336,10.21193021938814
2024-03-18 12:23:02.887336,10.130934588823969
2024-03-17 12:23:02.887336,10.663905193509272
2024-03-16 12:23:02.887336,9.831216357066776
2024-03-15 12:23:02.887336,11.252257283237624
2024-03-14 12:23:02.887336,9.513593286923317
2024-03-13 12:23:02.887336,12.476966425413616
2024-03-12 12:23:02.887336,10.360034119398689
2024-03-11 12:23:02.887336,8.853803349696834
2024-03-10 12:23:02.887336,8.61568950945636
2024-03-09 12:23:02.887336,10.1437049338425
2024-03-08 12:23:02.887336,9.411452194037988
2024-03-07 12:23:02.887336,10.321632520906455
2024-03-06 12:23:02.887336,10.052624019261645
2024-03-05 12:23:02.887336,9.477352000525373
2024-03-04 12:23:02.887336,8.673224790601976
2024-03-03 12:23:02.887336,7.974054978723402
2024-03-02 12:23:02.887336,9.010320163168975
2024-03-01 12:23:02.887336,10.280219251579087
2024-02-29 12:23:02.887336,9.60395528164935
2024-02-28 12:23:02.887336,8.109222979980146
2024-02-27 12:23:02.887336,9.492305543564886
2024-02-26 12:23:02.887336,9.667671085174996
2024-02-25 12:23:02.887336,8.36079527011406
2024-02-24 12:23:02.887336,9.359750503886229
2024-02-23 12:23:02.887336,9.224684369204267
2024-02-22 12:23:02.887336,7.983037129800725
2024-02-21 12:23:02.887336,9.442412143802482
2024-02-20 12:23:02.887336,9.603116391113812
2024-02-19 12:23:02.887336,10.08218415240853
2024-02-18 12:23:02.887336,10.00883429746431
2024-02-17 12:23:02.887336,7.532364924239802
2024-02-16 12:23:02.887336,7.926318518391384
2024-02-15 12:23:02.887336,9.332399909193825
2024-02-14 12:23:02.887336,9.283488181367408
2024-02-13 12:23:02.887336,9.236208785770735
2024-02-12 12:23:02.887336,12.524477603463643
2024-02-11 12:23:02.887336,9.192352732536229
2024-02-10 12:23:02.887336,9.70588010516662
2024-02-09 12:23:02.887336,9.472309730708808
2024-02-08 12:23:02.887336,9.116839190860802
2024-02-07 12:23:02.887336,8.096470433910293
2024-02-06 12:23:02.887336,9.116157786234727
2024-02-05 12:23:02.887336,7.528974852582148
2024-02-04 12:23:02.887336,8.008761125843264
2024-02-03 12:23:02.887336,7.703169647550388
2024-02-02 12:23:02.887336,8.212540310927137
2024-02-01 12:23:02.887336,10.386643025985503
2024-01-31 12:23:02.887336,6.145228745977379
2024-01-30 12:23:02.887336,8.638460760605005
2024-01-29 12:23:02.887336,6.278394524469605
2024-01-28 12:23:02.887336,7.357297670268724
2024-01-27 12:23:02.887336,8.855514788823507
2024-01-26 12:23:02.887336,7.76740066118255
2024-01-25 12:23:02.887336,6.561160465831356
2024-01-24 12:23:02.888348,6.858620721965372
2024-01-23 12:23:02.888348,8.187782464458369
2024-01-22 12:23:02.888348,6.71132605202284
2024-01-21 12:23:02.888348,7.590913587922093
2024-01-20 12:23:02.888348,7.352050236407954
2024-01-19 12:23:02.888348,6.586169341845271
2024-01-18 12:23:02.888348,9.31227985108189
2024-01-17 12:23:02.888348,7.7321025929809
2024-01-16 12:23:02.888348,5.00217755872438
2024-01-15 12:23:02.888348,7.142206901160501
2024-01-14 12:23:02.888348,6.221701599952787
2024-01-13 12:23:02.888348,7.662967156034835
2024-01-12 12:23:02.888348,5.944376427486756
2024-01-11 12:23:02.888348,6.547849035650185
2024-01-10 12:23:02.888348,7.092593479803318
2024-01-09 12:23:02.888348,7.377722044090184
2024-01-08 12:23:02.888348,5.235378596375308
2024-01-07 12:23:02.888348,6.024237069917087
2024-01-06 12:23:02.888348,5.806219154755803
2024-01-05 12:23:02.888348,5.549632024190698
2024-01-04 12:23:02.888348,7.889590754501702
2024-01-03 12:23:02.888348,6.449679847443232
2024-01-02 12:23:02.888348,4.703770128897227
2024-01-01 12:23:02.888348,6.801874321896581
2023-12-31 12:23:02.888348,7.924937288579441
2023-12-30 12:23:02.888348,6.753433633289449
2023-12-29 12:23:02.888348,4.11921244999283
2023-12-28 12:23:02.888348,5.071397403354865
2023-12-27 12:23:02.888348,6.739035014387424
2023-12-26 12:23:02.888348,4.680398484684958
2023-12-25 12:23:02.888348,5.7472915820337525
2023-12-24 12:23:02.888348,5.992979005834929
2023-12-23 12:23:02.888348,4.205764403979797
2023-12-22 12:23:02.888348,4.9870051493743555
2023-12-21 12:23:02.888348,1.7185931355950257
2023-12-20 12:23:02.888348,3.8483058291979235
2023-12-19 12:23:02.888348,4.532470072734507
2023-12-18 12:23:02.888348,3.4491203374942954
2023-12-17 12:23:02.888348,6.240709491508426
2023-12-16 12:23:02.888348,3.089089728726707
2023-12-15 12:23:02.888348,3.98966671456755
2023-12-14 12:23:02.888348,4.4704880184409825
2023-12-13 12:23:02.888348,5.690622129745044
2023-12-12 12:23:02.888348,2.722662306548496
2023-12-11 12:23:02.888348,5.230447145011336
2023-12-10 12:23:02.888348,3.9858678493896105
2023-12-09 12:23:02.888348,2.9020791763619447
2023-12-08 12:23:02.888348,4.25325520729539
2023-12-07 12:23:02.888348,3.8973954628572516
2023-12-06 12:23:02.888348,3.00493235311608
2023-12-05 12:23:02.888348,3.5814035442364522
2023-12-04 12:23:02.888348,3.032388230773188
2023-12-03 12:23:02.888348,3.4369770893843987
2023-12-02 12:23:02.888348,3.891015326268316
2023-12-01 12:23:02.888348,4.720002842996194
2023-11-30 12:23:02.888348,1.8009578794083425
2023-11-29 12:23:02.888348,5.076289620812918
2023-11-28 12:23:02.888348,0.8953564018581288
2023-11-27 12:23:02.888348,2.599561749187052
2023-11-26 12:23:02.888348,3.243291010070895
2023-11-25 12:23:02.888348,2.839326603733703
2023-11-24 12:23:02.888348,1.838739804821843
2023-11-23 12:23:02.888348,2.1561750280285996
2023-11-22 12:23:02.888348,1.7739173961510915
2023-11-21 12:23:02.888348,1.5799474822886994
2023-11-20 12:23:02.888348,2.9210908807538916
2023-11-19 12:23:02.888348,2.3304732521326215
2023-11-18 12:23:02.888348,1.1823194139317668
2023-11-17 12:23:02.888348,2.6764122307094294
2023-11-16 12:23:02.888348,1.9855171865914014
2023-11-15 12:23:02.888348,2.3923169384822414
2023-11-14 12:23:02.888348,2.110162554969472
2023-11-13 12:23:02.888348,0.5524692468422867
2023-11-12 12:23:02.888348,0.7220753403081008
2023-11-11 12:23:02.888348,1.930213626967355
2023-11-10 12:23:02.888348,1.6938354006647587
2023-11-09 12:23:02.888348,0.9630000920288279
2023-11-08 12:23:02.888348,1.0015670336421423
2023-11-07 12:23:02.888348,2.0621539101233988
2023-11-06 12:23:02.888348,0.0930883841222202
2023-11-05 12:23:02.888348,1.131859310209078
2023-11-04 12:23:02.888348,0.2826128398544372
2023-11-03 12:23:02.888348,0.16711927506006247
2023-11-02 12:23:02.888348,1.3835337594718575
2023-11-01 12:23:02.888348,1.0101011531806592
2023-10-31 12:23:02.888348,0.8981038315828909
2023-10-30 12:23:02.888348,1.2899739178331726
2023-10-29 12:23:02.888348,-0.09459857901021125
2023-10-28 12:23:02.888348,0.466264602630734
2023-10-27 12:23:02.888348,-0.626019461420073
2023-10-26 12:23:02.888348,-0.09161905024886746
2023-10-25 12:23:02.888348,-0.6459194935413065
2023-10-24 12:23:02.888348,-0.5187198300946071
2023-10-23 12:23:02.888348,-0.12043643117164282
2023-10-22 12:23:02.888348,-1.633620099282656
2023-10-21 12:23:02.888348,1.1772636027798622
2023-10-20 12:23:02.888348,-2.0207736163604446
2023-10-19 12:23:02.888348,-2.328475731573071
2023-10-18 12:23:02.888348,-0.055595478238125606
2023-10-17 12:23:02.888348,-0.5213412780025448
2023-10-16 12:23:02.888348,-0.7880502128467484
2023-10-15 12:23:02.888348,-0.8828490798883576
2023-10-14 12:23:02.888348,-1.6223145003658639
2023-10-13 12:23:02.888348,-2.6060339094482288
2023-10-12 12:23:02.888348,-1.7315155714187855
2023-10-11 12:23:02.888348,-2.5828413402669654
2023-10-10 12:23:02.888348,-1.0287284464026052
2023-10-09 12:23:02.888348,-2.2488733278749873
2023-10-08 12:23:02.888348,-3.02507030888717
2023-10-07 12:23:02.888348,-2.6184957234231985
2023-10-06 12:23:02.888348,-1.9814850279918492
2023-10-05 12:23:02.888348,-3.0552077163212514
2023-10-04 12:23:02.888348,-3.410520595056639
2023-10-03 12:23:02.888348,-2.441170677679269
2023-10-02 12:23:02.888348,-2.536179986422751
2023-10-01 12:23:02.888348,-3.384099731869282
2023-09-30 12:23:02.888348,-3.443916571539129
2023-09-29 12:23:02.888348,-2.8362521571778503
2023-09-28 12:23:02.888348,-4.611502822423062
2023-09-27 12:23:02.888348,-4.665681668857207
2023-09-26 12:23:02.888348,-4.071135057602265
2023-09-25 12:23:02.888348,-3.660274992107005
2023-09-24 12:23:02.888348,-3.2297119085413097
2023-09-23 12:23:02.888348,-2.1587001227613447
2023-09-22 12:23:02.888348,-2.8694694515840626
2023-09-21 12:23:02.888348,-3.9797668834901545
2023-09-20 12:23:02.888348,-3.931161095417504
2023-09-19 12:23:02.888348,-5.006598791320956
2023-09-18 12:23:02.888348,-4.114105896234584
2023-09-17 12:23:02.888348,-4.475364356523153
2023-09-16 12:23:02.888348,-3.9546806089580557
2023-09-15 12:23:02.888348,-5.194894971438682
2023-09-14 12:23:02.888348,-3.9381447346420617
2023-09-13 12:23:02.888348,-3.01413291864482
2023-09-12 12:23:02.888348,-4.7445569687492455
2023-09-11 12:23:02.888348,-4.322545582483091
2023-09-10 12:23:02.888348,-4.122100429112131
2023-09-09 12:23:02.888348,-5.300969824639995
2023-09-08 12:23:02.888348,-4.7626708506171065
2023-09-07 12:23:02.888348,-5.060685240307446
2023-09-06 12:23:02.888348,-5.061607511503145
2023-09-05 12:23:02.888348,-6.017782405419229
2023-09-04 12:23:02.888348,-5.3052259354125475
2023-09-03 12:23:02.888348,-4.916167269833766
2023-09-02 12:23:02.888348,-4.046908908206144
2023-09-01 12:23:02.888348,-4.622117742924297
2023-08-31 12:23:02.888348,-3.510982912364789
2023-08-30 12:23:02.888348,-6.513722187298708
2023-08-29 12:23:02.888348,-4.955687458568545
2023-08-28 12:23:02.888348,-5.725715597143685
2023-08-27 12:23:02.888348,-3.7997120928542287
2023-08-26 12:23:02.888348,-6.877670588423313
2023-08-25 12:23:02.888348,-6.988343274395262
2023-08-24 12:23:02.888348,-6.826647118234657
2023-08-23 12:23:02.888348,-8.429159270117918
2023-08-22 12:23:02.888348,-6.908395856480392
2023-08-21 12:23:02.888348,-7.218511248156033
2023-08-20 12:23:02.888348,-6.385075325658434
2023-08-19 12:23:02.888348,-6.269148811389542
2023-08-18 12:23:02.888348,-4.809507213868442
2023-08-17 12:23:02.888348,-5.809357579460325
2023-08-16 12:23:02.888348,-7.410111111397858
2023-08-15 12:23:02.888348,-7.804363481450284
2023-08-14 12:23:02.888348,-6.486079020594582
2023-08-13 12:23:02.888348,-8.369581589444149
2023-08-12 12:23:02.888348,-5.288533465964017
2023-08-11 12:23:02.888348,-6.010482541088571
2023-08-10 12:23:02.888348,-7.728308317511088
2023-08-09 12:23:02.888348,-9.040749836893582
2023-08-08 12:23:02.888348,-6.041491352909361
2023-08-07 12:23:02.888348,-7.576910980119935
2023-08-06 12:23:02.888348,-6.290814505100543
2023-08-05 12:23:02.888348,-9.188563793304581
2023-08-04 12:23:02.888348,-8.25825554653204
2023-08-03 12:23:02.888348,-7.717613797206913
2023-08-02 12:23:02.888348,-7.7390800503275425
2023-08-01 12:23:02.888348,-8.29854910363762
2023-07-31 12:23:02.888348,-7.28727027402595
2023-07-30 12:23:02.888348,-9.03858462016841
2023-07-29 12:23:02.888348,-8.173388973882162
2023-07-28 12:23:02.888348,-7.969954452380039
2023-07-27 12:23:02.888348,-7.634241206544408
2023-07-26 12:23:02.888348,-7.494678625655325
2023-07-25 12:23:02.888348,-9.387726792514867
2023-07-24 12:23:02.888348,-9.853162111689654
2023-07-23 12:23:02.888348,-7.096500795190146
2023-07-22 12:23:02.888348,-8.096154193137288
2023-07-21 12:23:02.888348,-9.230400801707454
2023-07-20 12:23:02.888348,-6.983358466401641
2023-07-19 12:23:02.888348,-8.470576831035103
2023-07-18 12:23:02.888348,-7.457834966875674
2023-07-17 12:23:02.888348,-8.619628919131252
2023-07-16 12:23:02.888348,-6.675544277750374
2023-07-15 12:23:02.888348,-7.029220790486479
2023-07-14 12:23:02.888348,-9.080915003341373
2023-07-13 12:23:02.888348,-7.906884169101227
2023-07-12 12:23:02.888348,-8.278693819221953
2023-07-11 12:23:02.888348,-7.600158673021162
2023-07-10 12:23:02.888348,-9.977535484908632
2023-07-09 12:23:02.888348,-8.369479299213477
2023-07-08 12:23:02.888348,-8.03911764791987
2023-07-07 12:23:02.888348,-10.89738142790696
2023-07-06 12:23:02.888348,-10.36208457384227
2023-07-05 12:23:02.888348,-11.257322645180261
2023-07-04 12:23:02.888348,-9.525838060386949
2023-07-03 12:23:02.888348,-8.576302239223782
2023-07-02 12:23:02.888348,-7.827969473766694
2023-07-01 12:23:02.888348,-9.291778882571624
2023-06-30 12:23:02.888348,-7.7718667990304064
2023-06-29 12:23:02.888348,-10.814250561137172
2023-06-28 12:23:02.888348,-11.170253003917171
2023-06-27 12:23:02.888348,-9.55419114974462
2023-06-26 12:23:02.888348,-9.145399129214754
2023-06-25 12:23:02.888348,-9.592025606313866
2023-06-24 12:23:02.888348,-11.655681398499768
2023-06-23 12:23:02.888348,-9.705307041776996
2023-06-22 12:23:02.888348,-10.947640669792635
2023-06-21 12:23:02.888348,-8.99951654690152
2023-06-20 12:23:02.888348,-9.327639928516403
2023-06-19 12:23:02.888348,-10.658195682355947
2023-06-18 12:23:02.888348,-10.255286764739507
2023-06-17 12:23:02.888348,-10.822761235621323
2023-06-16 12:23:02.888348,-9.8473763750901
2023-06-15 12:23:02.888348,-8.849724099980264
2023-06-14 12:23:02.888348,-10.809779167124361
2023-06-13 12:23:02.888348,-9.338208940723948
2023-06-12 12:23:02.888348,-10.389729221348615
2023-06-11 12:23:02.888348,-10.66857266820564
2023-06-10 12:23:02.888348,-9.997968889037471
2023-06-09 12:23:02.888348,-10.94042847790552
2023-06-08 12:23:02.888348,-10.472090592895654
2023-06-07 12:23:02.888348,-11.128580489701614
2023-06-06 12:23:02.888348,-7.977243722685992
2023-06-05 12:23:02.888348,-9.916975382172534
2023-06-04 12:23:02.888348,-10.661237311674634
2023-06-03 12:23:02.888348,-9.75580662434496
2023-06-02 12:23:02.888348,-10.089390348902844
2023-06-01 12:23:02.888348,-10.204307966586107
2023-05-31 12:23:02.888348,-9.37444740969973
2023-05-30 12:23:02.888348,-9.235381288608936
2023-05-29 12:23:02.888348,-10.526663753061095
2023-05-28 12:23:02.888348,-10.574252842757165
2023-05-27 12:23:02.888348,-10.274756458140793
2023-05-26 12:23:02.888348,-12.301894119546906
2023-05-25 12:23:02.888348,-11.514430218904677
2023-05-24 12:23:02.888348,-8.63062917275521
2023-05-23 12:23:02.888348,-8.34979826570873
2023-05-22 12:23:02.888348,-10.240063087585467
2023-05-21 12:23:02.888348,-9.409730058240088
2023-05-20 12:23:02.888348,-9.669296219414914
2023-05-19 12:23:02.888348,-6.894924872771424
2023-05-18 12:23:02.888348,-8.846490707079706
2023-05-17 12:23:02.888348,-10.085244552852215
2023-05-16 12:23:02.888348,-10.903131026007344
2023-05-15 12:23:02.888348,-11.543303786457912
2023-05-14 12:23:02.888348,-9.721665043337282
2023-05-13 12:23:02.888348,-10.668756144921883
2023-05-12 12:23:02.888348,-11.320942611963027
2023-05-11 12:23:02.888348,-10.530553446016023
2023-05-10 12:23:02.888348,-10.949829855244245
2023-05-09 12:23:02.888348,-8.164452709864186
2023-05-08 12:23:02.888348,-8.952279956823968
2023-05-07 12:23:02.888348,-9.823232370445039
2023-05-06 12:23:02.888348,-8.315672121832183
2023-05-05 12:23:02.888348,-9.69762296917217
2023-05-04 12:23:02.888348,-10.614671045361742
2023-05-03 12:23:02.888348,-8.207681049846206
2023-05-02 12:23:02.888348,-9.168338345058206
2023-05-01 12:23:02.888348,-10.719965143613496
2023-04-30 12:23:02.888348,-9.847558064664664
2023-04-29 12:23:02.888348,-10.506370389056187
2023-04-28 12:23:02.888348,-10.986119619526846
2023-04-27 12:23:02.888348,-8.648747846419102
2023-04-26 12:23:02.888348,-7.636154856479138
2023-04-25 12:23:02.888348,-10.913828712621958
2023-04-24 12:23:02.888348,-8.921028119902452
2023-04-23 12:23:02.888348,-10.102425852055923
2023-04-22 12:23:02.888348,-9.90574752942364
2023-04-21 12:23:02.888348,-9.97691119173461
2023-04-20 12:23:02.888348,-10.213462835414798
2023-04-19 12:23:02.888348,-9.26496842394227
2023-04-18 12:23:02.888348,-10.10752494774161
2023-04-17 12:23:02.888348,-8.968273277170875
2023-04-16 12:23:02.888348,-9.250197768218143
2023-04-15 12:23:02.888348,-9.399215430429583
2023-04-14 12:23:02.888348,-10.027220916519495
2023-04-13 12:23:02.888348,-9.65490467119467
2023-04-12 12:23:02.888348,-8.280308576856637
2023-04-11 12:23:02.888348,-8.491443704839428
2023-04-10 12:23:02.888348,-9.925676197304702
2023-04-09 12:23:02.888348,-8.803652110198449
2023-04-08 12:23:02.888348,-8.105568681113382
2023-04-07 12:23:02.888348,-10.479445012242163
2023-04-06 12:23:02.889357,-8.218880704119996
2023-04-05 12:23:02.889357,-9.37618784898603
2023-04-04 12:23:02.889357,-8.093415520538292
2023-04-03 12:23:02.889357,-9.37685531518975
2023-04-02 12:23:02.889357,-10.367197151111668
2023-04-01 12:23:02.889357,-10.137718440753899
2023-03-31 12:23:02.889357,-8.409099293561221
2023-03-30 12:23:02.889357,-8.143622570527464
2023-03-29 12:23:02.889357,-9.252980518709936
2023-03-28 12:23:02.889357,-7.654553724539747
2023-03-27 12:23:02.889357,-9.898317566497486
2023-03-26 12:23:02.889357,-8.245703301094489
2023-03-25 12:23:02.889357,-9.332646106539826
2023-03-24 12:23:02.889357,-8.71465863594847
2023-03-23 12:23:02.889357,-7.9558085877053815
2023-03-22 12:23:02.889357,-8.803203438105772
2023-03-21 12:23:02.889357,-8.266132567545865
2023-03-20 12:23:02.889357,-6.813281434804751
2023-03-19 12:23:02.889357,-8.333679817099657
2023-03-18 12:23:02.889357,-6.857532313076083
2023-03-17 12:23:02.889357,-8.75859690040182
2023-03-16 12:23:02.889357,-7.033987077740468
2023-03-15 12:23:02.889357,-6.05636595708183
2023-03-14 12:23:02.889357,-9.902971110927243
2023-03-13 12:23:02.889357,-8.16086928438946
2023-03-12 12:23:02.889357,-6.718811453608866
2023-03-11 12:23:02.889357,-7.430107475080603
2023-03-10 12:23:02.889357,-6.786370576168852
2023-03-09 12:23:02.889357,-7.691238817448663
2023-03-08 12:23:02.889357,-6.929690885439518
2023-03-07 12:23:02.889357,-7.100281922923281
2023-03-06 12:23:02.889357,-5.70445079482468
2023-03-05 12:23:02.889357,-6.544751588089726
2023-03-04 12:23:02.889357,-6.387828070790767
2023-03-03 12:23:02.889357,-7.062892115910691
2023-03-02 12:23:02.889357,-7.063539362631715
2023-03-01 12:23:02.889357,-6.932750410175844
2023-02-28 12:23:02.889357,-6.029347848000117
2023-02-27 12:23:02.889357,-6.767748577906733
2023-02-26 12:23:02.889357,-5.979317404539176
2023-02-25 12:23:02.889357,-4.11539146745661
2023-02-24 12:23:02.889357,-5.240747253271699
2023-02-23 12:23:02.889357,-6.358362773180138
2023-02-22 12:23:02.889357,-4.7509881660002815
2023-02-21 12:23:02.889357,-6.27954390088047
2023-02-20 12:23:02.889357,-7.828271184733676
2023-02-19 12:23:02.889357,-6.716330912580936
2023-02-18 12:23:02.889357,-7.4965625117491825
2023-02-17 12:23:02.889357,-5.894246364628181
2023-02-16 12:23:02.889357,-5.440721412398641
2023-02-15 12:23:02.889357,-3.698562387434695
2023-02-14 12:23:02.889357,-4.963393661980152
2023-02-13 12:23:02.889357,-5.424212813256782
2023-02-12 12:23:02.889357,-4.2899764025084846
2023-02-11 12:23:02.889357,-7.244274032614529
2023-02-10 12:23:02.889357,-4.710776587611773
2023-02-09 12:23:02.889357,-4.088282748206875
2023-02-08 12:23:02.889357,-6.250004100229212
2023-02-07 12:23:02.889357,-3.5394556300877316
2023-02-06 12:23:02.889357,-4.256035829547745
2023-02-05 12:23:02.889357,-4.920682345024225
2023-02-04 12:23:02.889357,-3.7830233209925206
2023-02-03 12:23:02.889357,-2.0550806239581156
2023-02-02 12:23:02.889357,-4.053442081184639
2023-02-01 12:23:02.889357,-3.896198228799406
2023-01-31 12:23:02.889357,-4.512474924953856
2023-01-30 12:23:02.889357,-4.811247485340497
2023-01-29 12:23:02.889357,-3.0389594593257305
2023-01-28 12:23:02.889357,-4.632883560461466
2023-01-27 12:23:02.889357,-3.612359522707818
2023-01-26 12:23:02.889357,-4.068340104681379
2023-01-25 12:23:02.889357,-3.0180999456821804
2023-01-24 12:23:02.889357,-3.069464374136222
2023-01-23 12:23:02.889357,-2.2712922517116314
2023-01-22 12:23:02.889357,-3.7242227681590343
2023-01-21 12:23:02.889357,-3.3891334161779
2023-01-20 12:23:02.889357,-4.0027617602200625
2023-01-19 12:23:02.889357,-3.372727865084725
2023-01-18 12:23:02.889357,-2.4552772449576348
2023-01-17 12:23:02.889357,-1.9794484315806917
2023-01-16 12:23:02.889357,-3.5621874931024675
2023-01-15 12:23:02.889357,-1.6737368407124231
2023-01-14 12:23:02.889357,-1.0907706523256624
2023-01-13 12:23:02.889357,-1.9357942293985668
2023-01-12 12:23:02.889357,-0.3750185500565928
2023-01-11 12:23:02.889357,-2.927963161119073
2023-01-10 12:23:02.889357,-3.3009724176519866
2023-01-09 12:23:02.889357,-3.7369756736376867
2023-01-08 12:23:02.889357,-0.36395260749366165
2023-01-07 12:23:02.889357,-1.1071863861844053
2023-01-06 12:23:02.889357,-1.7185153304345449
2023-01-05 12:23:02.889357,-1.2841740254295946
2023-01-04 12:23:02.889357,-2.5906869650182163
2023-01-03 12:23:02.889357,1.0796456079721728
2023-01-02 12:23:02.889357,-1.1376567604684054
2023-01-01 12:23:02.889357,-1.058127778147277
2022-12-31 12:23:02.889357,-0.3422835940263351
2022-12-30 12:23:02.889357,-0.48746161330209964
2022-12-29 12:23:02.889357,-0.644910407614158
2022-12-28 12:23:02.889357,-1.559505421456912
2022-12-27 12:23:02.889357,-0.19772208650353013
2022-12-26 12:23:02.889357,1.3127416277311668
2022-12-25 12:23:02.889357,0.8761017941449274
2022-12-24 12:23:02.889357,1.223880016800333
2022-12-23 12:23:02.889357,-0.7804736397750061
2022-12-22 12:23:02.889357,-1.1587871576036268
2022-12-21 12:23:02.889357,-0.1948766794664451
2022-12-20 12:23:02.889357,0.08673465365698442
2022-12-19 12:23:02.889357,1.2252976534148696
2022-12-18 12:23:02.889357,-1.4612752379596798
2022-12-17 12:23:02.889357,1.8607998029738981
2022-12-16 12:23:02.889357,0.2732684856718317
2022-12-15 12:23:02.889357,0.10437900137851719
2022-12-14 12:23:02.889357,-0.38091384883336143
2022-12-13 12:23:02.889357,-0.9237989352903526
2022-12-12 12:23:02.889357,1.6540222790927825
2022-12-11 12:23:02.889357,1.0038803699804335
2022-12-10 12:23:02.889357,-0.25978103114158846
2022-12-09 12:23:02.889357,-0.16538466112709194
2022-12-08 12:23:02.889357,0.8933104592393618
2022-12-07 12:23:02.889357,2.9973945767361023
2022-12-06 12:23:02.889357,1.1679264907329283
2022-12-05 12:23:02.889357,0.023376643106010286
2022-12-04 12:23:02.889357,1.3796253298208432
2022-12-03 12:23:02.889357,1.4513307608003578
2022-12-02 12:23:02.889357,-0.8743191250716618
2022-12-01 12:23:02.889357,1.86660321838608
2022-11-30 12:23:02.889357,1.7881016487712122
2022-11-29 12:23:02.889357,2.813178331526925
2022-11-28 12:23:02.889357,4.063651729936677
2022-11-27 12:23:02.889357,3.4387624215019645
2022-11-26 12:23:02.889357,2.140578777423545
2022-11-25 12:23:02.889357,1.399970207912712
2022-11-24 12:23:02.889357,5.176633419013523
2022-11-23 12:23:02.889357,2.7590087022671947
2022-11-22 12:23:02.889357,2.809965695117639
2022-11-21 12:23:02.889357,2.8678772896985083
2022-11-20 12:23:02.889357,3.1857633340929294
2022-11-19 12:23:02.889357,2.938694994126855
2022-11-18 12:23:02.889357,2.6044613113979533
2022-11-17 12:23:02.889357,2.726013843013036
2022-11-16 12:23:02.889357,3.3345410399148343
2022-11-15 12:23:02.889357,2.9179536637903825
2022-11-14 12:23:02.889357,2.842269948777358
2022-11-13 12:23:02.889357,3.7549270349870105
2022-11-12 12:23:02.889357,3.4865350882913444
2022-11-11 12:23:02.889357,5.338145895185409
2022-11-10 12:23:02.889357,1.2754395190351349
2022-11-09 12:23:02.889357,5.10977917606705
2022-11-08 12:23:02.889357,5.355817884626664
2022-11-07 12:23:02.889357,2.127391034693515
2022-11-06 12:23:02.889357,3.948721331963742
2022-11-05 12:23:02.890445,4.010165722117697
2022-11-04 12:23:02.890445,3.063853520834667
2022-11-03 12:23:02.890445,3.7828591270038823
2022-11-02 12:23:02.890445,3.538953590900337
2022-11-01 12:23:02.890445,6.490187621205083
2022-10-31 12:23:02.890445,5.7615085755838145
2022-10-30 12:23:02.890445,6.18481473648908
2022-10-29 12:23:02.890445,5.72186885861549
2022-10-28 12:23:02.890445,3.9575811593950068
2022-10-27 12:23:02.890445,4.648039122480613
2022-10-26 12:23:02.890445,5.747342120459599
2022-10-25 12:23:02.890445,4.1207210752812955
2022-10-24 12:23:02.890445,6.140193288694212
2022-10-23 12:23:02.890445,5.270671632697899
2022-10-22 12:23:02.890445,5.219426196693547
2022-10-21 12:23:02.890445,6.387896405283959
2022-10-20 12:23:02.890445,6.203320355417215
2022-10-19 12:23:02.890445,5.47963443053542
2022-10-18 12:23:02.890445,7.080888727094466
2022-10-17 12:23:02.890445,4.920860586477447
2022-10-16 12:23:02.890445,6.697623121811206
2022-10-15 12:23:02.890445,6.753942991797369
2022-10-14 12:23:02.890445,5.929832200439195
2022-10-13 12:23:02.890445,6.643423385525804
2022-10-12 12:23:02.890445,5.143455521322264
2022-10-11 12:23:02.890445,7.3952341189439865
2022-10-10 12:23:02.890445,6.362294553842547
2022-10-09 12:23:02.890445,6.099807234717657
2022-10-08 12:23:02.890445,7.746209472044648
2022-10-07 12:23:02.890445,6.066855490762909
2022-10-06 12:23:02.890445,5.436058349513255
2022-10-05 12:23:02.890445,5.360525119726063
2022-10-04 12:23:02.890445,7.595105796818048
2022-10-03 12:23:02.890445,5.779907741542905
2022-10-02 12:23:02.890445,8.885665082599768
2022-10-01 12:23:02.890445,5.118760789867743
2022-09-30 12:23:02.890445,8.966244357881274
2022-09-29 12:23:02.890445,7.54917481977565
2022-09-28 12:23:02.890445,7.309078324252955
2022-09-27 12:23:02.890445,6.927764376534329
2022-09-26 12:23:02.890445,7.9379628460396425
2022-09-25 12:23:02.890445,7.5665799112113605
2022-09-24 12:23:02.890445,8.772142439375006
2022-09-23 12:23:02.890445,7.846925736031537
2022-09-22 12:23:02.890445,7.946082566640858
2022-09-21 12:23:02.890445,7.494470177718587
2022-09-20 12:23:02.890445,7.862650975323436
2022-09-19 12:23:02.890445,8.288119037716452
2022-09-18 12:23:02.890445,6.330069922436938
2022-09-17 12:23:02.890445,6.751168311689604
2022-09-16 12:23:02.890445,8.900921695619113
2022-09-15 12:23:02.890445,8.38600951460846
2022-09-14 12:23:02.890445,8.087824061981047
2022-09-13 12:23:02.890445,8.346075822586952
2022-09-12 12:23:02.890445,8.730223660819608
2022-09-11 12:23:02.890445,7.897042404856392
2022-09-10 12:23:02.890445,7.711812126426743
2022-09-09 12:23:02.890445,8.738426168434495
2022-09-08 12:23:02.890445,7.615816235203168
2022-09-07 12:23:02.890445,9.053188734883793
2022-09-06 12:23:02.890445,6.992233123333525
2022-09-05 12:23:02.890445,9.772981897325735
2022-09-04 12:23:02.890445,9.264557148139675
2022-09-03 12:23:02.890445,9.095241856123423
2022-09-02 12:23:02.890445,9.868269877523588
2022-09-01 12:23:02.890445,10.596529779569128
2022-08-31 12:23:02.890445,9.990006954698053
2022-08-30 12:23:02.890445,7.178444858918683
2022-08-29 12:23:02.890445,7.782520593148995
2022-08-28 12:23:02.890445,8.479149434507631
2022-08-27 12:23:02.890445,9.171017302020136
2022-08-26 12:23:02.890445,9.702627195178152
2022-08-25 12:23:02.890445,8.498345955569823
2022-08-24 12:23:02.890445,9.449053878366417
2022-08-23 12:23:02.890445,8.54417345050036
2022-08-22 12:23:02.890445,8.724376038263603
2022-08-21 12:23:02.890445,7.9646347512528815
2022-08-20 12:23:02.890445,8.482525610017333
2022-08-19 12:23:02.890445,8.087594806545695
2022-08-18 12:23:02.890445,8.495980904483407
2022-08-17 12:23:02.890445,10.557121624660201
2022-08-16 12:23:02.890445,8.584754366229715
2022-08-15 12:23:02.890445,12.196253429865086
2022-08-14 12:23:02.890445,10.085949081092682
2022-08-13 12:23:02.890445,9.805265942590761
2022-08-12 12:23:02.890445,8.78890671549008
2022-08-11 12:23:02.890445,10.37344240112678
2022-08-10 12:23:02.890445,9.122393478835262
2022-08-09 12:23:02.890445,9.843968165537655
2022-08-08 12:23:02.890445,12.304995799967198
2022-08-07 12:23:02.890445,9.670827837897361
2022-08-06 12:23:02.890445,10.937158902917691
2022-08-05 12:23:02.890445,9.104726249630321
2022-08-04 12:23:02.890445,9.791948535795129
2022-08-03 12:23:02.890445,11.615787359643356
2022-08-02 12:23:02.890445,9.235082901545677
2022-08-01 12:23:02.890445,11.690573580538786
2022-07-31 12:23:02.890445,10.600962238375844
2022-07-30 12:23:02.890445,9.34483751303771
2022-07-29 12:23:02.890445,10.552813307422365
2022-07-28 12:23:02.890445,10.90506727811052
2022-07-27 12:23:02.890445,10.565434818359044
2022-07-26 12:23:02.890445,8.383515818031352
2022-07-25 12:23:02.890445,9.235721684412908
2022-07-24 12:23:02.890445,9.723460273887245
2022-07-23 12:23:02.890445,9.903666442800102
2022-07-22 12:23:02.890445,10.604893131656034
2022-07-21 12:23:02.890445,10.167042783650459
2022-07-20 12:23:02.890445,8.658117245929322
2022-07-19 12:23:02.890445,10.376777938074033
2022-07-18 12:23:02.890445,10.609282662816698
2022-07-17 12:23:02.890445,10.559602331859601
2022-07-16 12:23:02.890445,11.080705600090715
2022-07-15 12:23:02.890445,10.83295803258278
2022-07-14 12:23:02.890445,10.456325062727315
2022-07-13 12:23:02.890445,9.924086668939072
2022-07-12 12:23:02.890445,8.329397425051692
2022-07-11 12:23:02.890445,10.415081527320247
2022-07-10 12:23:02.890445,10.187255406902192
2022-07-09 12:23:02.890445,10.24425102115212
2022-07-08 12:23:02.890445,8.688028815949329
2022-07-07 12:23:02.890445,8.874827593823442
2022-07-06 12:23:02.890445,10.999146155775483
2022-07-05 12:23:02.890445,9.895550733601647
2022-07-04 12:23:02.890445,10.604723677564646
2022-07-03 12:23:02.890445,9.938664147435128
2022-07-02 12:23:02.890445,9.926231690581412
2022-07-01 12:23:02.890445,10.819897515299646
2022-06-30 12:23:02.890445,9.349717006949811
2022-06-29 12:23:02.890445,9.94504199391657
2022-06-28 12:23:02.890445,9.368818553454703
2022-06-27 12:23:02.890445,9.377785169580742
2022-06-26 12:23:02.890445,9.483313643063799
2022-06-25 12:23:02.890445,9.993842705863159
2022-06-24 12:23:02.890445,9.271204360268056
2022-06-23 12:23:02.890445,10.982976215146978
2022-06-22 12:23:02.890445,8.808905232759335
2022-06-21 12:23:02.890445,9.491961049470575
2022-06-20 12:23:02.890445,9.213451980165438
2022-06-19 12:23:02.890445,11.0735440238373
2022-06-18 12:23:02.890445,9.795539440274377
2022-06-17 12:23:02.890445,10.602285914395026
2022-06-16 12:23:02.890445,8.055378759959599
2022-06-15 12:23:02.890445,9.777531159951417
2022-06-14 12:23:02.890445,10.368700505705798
2022-06-13 12:23:02.890445,9.528992717656395
2022-06-12 12:23:02.890445,10.47888156659635
2022-06-11 12:23:02.890445,8.861861986829407
2022-06-10 12:23:02.890445,10.75330733667013
2022-06-09 12:23:02.890445,11.606731219887845
2022-06-08 12:23:02.890445,8.907935095728263
2022-06-07 12:23:02.890445,8.78728276811778
2022-06-06 12:23:02.890445,10.64725627985216
2022-06-05 12:23:02.891499,10.733609240656854
2022-06-04 12:23:02.891499,8.590425130356698
2022-06-03 12:23:02.891499,8.651433256712345
2022-06-02 12:23:02.891499,8.74726140977939
2022-06-01 12:23:02.891499,7.6411167468682715
2022-05-31 12:23:02.891499,8.022536201660463
2022-05-30 12:23:02.891499,7.89177236937717
2022-05-29 12:23:02.891499,8.081949193284071
2022-05-28 12:23:02.891499,8.76800875338106
2022-05-27 12:23:02.891499,8.988973230501832
2022-05-26 12:23:02.891499,10.256446625870295
2022-05-25 12:23:02.891499,7.6579073962745525
2022-05-24 12:23:02.891499,9.590031786693173
2022-05-23 12:23:02.891499,8.340306207728624
2022-05-22 12:23:02.891499,8.452559870262466
2022-05-21 12:23:02.891499,9.123719701838953
2022-05-20 12:23:02.891499,7.272208242597401
2022-05-19 12:23:02.891499,8.722528897320593
2022-05-18 12:23:02.891499,8.450924570860069
2022-05-17 12:23:02.891499,8.720446738477625
2022-05-16 12:23:02.891499,8.459862789465655
2022-05-15 12:23:02.891499,10.56787425738542
2022-05-14 12:23:02.891499,7.415901229563871
2022-05-13 12:23:02.891499,7.4629043846233465
2022-05-12 12:23:02.891499,7.310219954383048
2022-05-11 12:23:02.891499,7.316547584364469
2022-05-10 12:23:02.891499,7.172513026281367
2022-05-09 12:23:02.891499,8.936009586951435
2022-05-08 12:23:02.891499,9.103813961540038
2022-05-07 12:23:02.891499,7.048110213994047
2022-05-06 12:23:02.891499,6.721284323496338
2022-05-05 12:23:02.891499,7.959081971177179
2022-05-04 12:23:02.891499,6.8687196285406715
2022-05-03 12:23:02.891499,7.986407174131848
2022-05-02 12:23:02.891499,7.488194246495083
2022-05-01 12:23:02.891499,5.700592999644073
2022-04-30 12:23:02.891499,8.694185131859918
2022-04-29 12:23:02.891499,8.872184326017454
2022-04-28 12:23:02.891499,6.392435642697821
2022-04-27 12:23:02.891499,6.545738533785017
2022-04-26 12:23:02.891499,7.1468265180055175
2022-04-25 12:23:02.891499,7.122251486201636
2022-04-24 12:23:02.891499,7.372492404432979
2022-04-23 12:23:02.891499,8.649633372069736
2022-04-22 12:23:02.891499,6.387297040144015
2022-04-21 12:23:02.891499,5.690104723678891
2022-04-20 12:23:02.891499,5.032590306384427
2022-04-19 12:23:02.891499,5.603844590741825
2022-04-18 12:23:02.891499,6.223878013073903
2022-04-17 12:23:02.891499,7.973166256185305
2022-04-16 12:23:02.891499,5.581981407103632
2022-04-15 12:23:02.891499,6.243753795332871
2022-04-14 12:23:02.891499,5.92331288782619
2022-04-13 12:23:02.891499,7.047303839211762
2022-04-12 12:23:02.891499,8.304430713805312
2022-04-11 12:23:02.891499,5.164638334949241
2022-04-10 12:23:02.891499,5.123505798531342
2022-04-09 12:23:02.891499,6.573981837195549
2022-04-08 12:23:02.891499,6.128034083734983
2022-04-07 12:23:02.891499,7.2086258532595835
2022-04-06 12:23:02.891499,5.861085384903379
2022-04-05 12:23:02.891499,4.832575012522812
2022-04-04 12:23:02.891499,5.696711615435139
2022-04-03 12:23:02.891499,6.128438422607097
2022-04-02 12:23:02.891499,5.753392105763685
2022-04-01 12:23:02.891499,5.352864763286688
2022-03-31 12:23:02.891499,5.8244607037888025
2022-03-30 12:23:02.891499,5.838800159058422
2022-03-29 12:23:02.891499,5.9629142322097275
2022-03-28 12:23:02.891499,5.140256812102658
2022-03-27 12:23:02.891499,4.234770476943828
2022-03-26 12:23:02.891499,4.458502809568842
2022-03-25 12:23:02.891499,5.427766616560868
2022-03-24 12:23:02.891499,3.3133675382294716
2022-03-23 12:23:02.891499,4.407608223087206
2022-03-22 12:23:02.892529,3.5538231077721045
2022-03-21 12:23:02.892529,3.8837382454118
2022-03-20 12:23:02.892529,5.040890519188191
2022-03-19 12:23:02.892529,3.8606059643690047
2022-03-18 12:23:02.892529,3.622644001650298
2022-03-17 12:23:02.892529,2.1226935355902565
2022-03-16 12:23:02.892529,4.134796516063424
2022-03-15 12:23:02.892529,3.939680874456892
2022-03-14 12:23:02.892529,5.362775083158805
2022-03-13 12:23:02.892529,2.796745201213626
2022-03-12 12:23:02.892529,3.228365768560413
2022-03-11 12:23:02.892529,3.162989607563656
2022-03-10 12:23:02.892529,4.395157744821716
2022-03-09 12:23:02.892529,2.6262251414002855
2022-03-08 12:23:02.892529,2.9040857133745357
2022-03-07 12:23:02.892529,3.136241181113843
2022-03-06 12:23:02.892529,2.617980939566576
2022-03-05 12:23:02.892529,1.8877217247204745
2022-03-04 12:23:02.892529,2.430794973916842
2022-03-03 12:23:02.892529,3.2126622559862223
2022-03-02 12:23:02.892529,1.0146264021136928
2022-03-01 12:23:02.892529,2.076018049766046
2022-02-28 12:23:02.892529,1.1446395423691786
2022-02-27 12:23:02.892529,2.9413341239238666
2022-02-26 12:23:02.892529,0.12445275083540741
2022-02-25 12:23:02.892529,0.9899048763578414
2022-02-24 12:23:02.892529,1.827070475097082
2022-02-23 12:23:02.892529,2.9162692306158284
2022-02-22 12:23:02.892529,1.185746197712615
2022-02-21 12:23:02.892529,0.596922790222491
2022-02-20 12:23:02.892529,2.9337898024480618
2022-02-19 12:23:02.892529,-0.49497622455234025
2022-02-18 12:23:02.892529,-1.3454588317637806
2022-02-17 12:23:02.892529,1.1935855189777467
2022-02-16 12:23:02.892529,0.15166528122292888
2022-02-15 12:23:02.892529,-0.4674303772479351
2022-02-14 12:23:02.892529,1.162186330781882
2022-02-13 12:23:02.892529,0.5976125673425293
2022-02-12 12:23:02.892529,-0.3103202588345847
2022-02-11 12:23:02.892529,-1.1266249348907187
2022-02-10 12:23:02.892529,0.9260424853384955
2022-02-09 12:23:02.892529,0.603686659091186
2022-02-08 12:23:02.892529,-0.2457853978428376
2022-02-07 12:23:02.892529,1.599947136984922
2022-02-06 12:23:02.892529,-1.4168302321966002
2022-02-05 12:23:02.892529,-1.97229149989316
2022-02-04 12:23:02.892529,-1.2386504962010645
2022-02-03 12:23:02.892529,-0.692249756728802
2022-02-02 12:23:02.892529,-0.5031808097440985
2022-02-01 12:23:02.892529,-1.0875380346869856
2022-01-31 12:23:02.892529,-0.593943499075994
2022-01-30 12:23:02.892529,-2.297140449958344
2022-01-29 12:23:02.892529,0.2986662167898062
2022-01-28 12:23:02.892529,-1.3266321889472539
2022-01-27 12:23:02.892529,-0.22644310590791106
2022-01-26 12:23:02.892529,-1.100136876138761
2022-01-25 12:23:02.892529,-1.085087714362177
2022-01-24 12:23:02.892529,-1.0708978726485605
2022-01-23 12:23:02.892529,-1.2916164184597767
2022-01-22 12:23:02.892529,-1.1950877647757823
2022-01-21 12:23:02.892529,-0.6069593930481259
2022-01-20 12:23:02.892529,-1.8376981546398976
2022-01-19 12:23:02.892529,-1.4231191402282612
2022-01-18 12:23:02.892529,-2.3195485280084425
2022-01-17 12:23:02.892529,-0.8871621281260311
2022-01-16 12:23:02.892529,-3.10090496334689
2022-01-15 12:23:02.892529,-0.7205626112204573
2022-01-14 12:23:02.892529,-2.6583987243664584
2022-01-13 12:23:02.892529,-4.145491259109566
2022-01-12 12:23:02.892529,-2.682815112247027
2022-01-11 12:23:02.892529,-3.5878929021697905
2022-01-10 12:23:02.892529,-2.161828149309417
2022-01-09 12:23:02.892529,-3.7504252851497357
2022-01-08 12:23:02.892529,-3.639003948581745
2022-01-07 12:23:02.892529,-5.177060536928696
2022-01-06 12:23:02.892529,-3.8341960081268867
2022-01-05 12:23:02.892529,-5.899800034868198
2022-01-04 12:23:02.892529,-5.153506265695467
2022-01-03 12:23:02.892529,-2.902513847685317
2022-01-02 12:23:02.892529,-2.970086383326895
2022-01-01 12:23:02.892529,-3.423010680523544
2021-12-31 12:23:02.892529,-4.9076404713144495
2021-12-30 12:23:02.892529,-4.080176917751526
2021-12-29 12:23:02.892529,-4.127465283237648
2021-12-28 12:23:02.892529,-5.373211407041705
2021-12-27 12:23:02.892529,-2.802010064403267
2021-12-26 12:23:02.892529,-3.5181763243065807
2021-12-25 12:23:02.892529,-4.706192606811743
2021-12-24 12:23:02.892529,-4.54758299460369
2021-12-23 12:23:02.892529,-4.454868066942843
2021-12-22 12:23:02.892529,-6.793300529369966
2021-12-21 12:23:02.892529,-5.086581725190456
2021-12-20 12:23:02.892529,-5.608742366671941
2021-12-19 12:23:02.892529,-6.015238246051931
2021-12-18 12:23:02.892529,-5.381076284667243
2021-12-17 12:23:02.892529,-3.388136205696634
2021-12-16 12:23:02.892529,-4.630306995387225
2021-12-15 12:23:02.892529,-5.927127804156242
2021-12-14 12:23:02.892529,-4.867628327537538
